timestamp,open,high,low,close,volume
2026-01-01 00:00:00,0.03646,0.03649,0.03617,0.03627,681709.0
2026-01-01 00:05:00,0.03626,0.03634,0.03617,0.03634,394263.0
2026-01-01 00:10:00,0.03633,0.03634,0.03621,0.03627,307195.0
2026-01-01 00:15:00,0.03626,0.03637,0.03624,0.03631,288936.0
2026-01-01 00:20:00,0.0363,0.03635,0.03622,0.0363,194574.0
2026-01-01 00:25:00,0.03629,0.0363,0.0362,0.03626,174987.0
2026-01-01 00:30:00,0.03625,0.03625,0.036,0.03603,546061.0
2026-01-01 00:35:00,0.036,0.03603,0.03588,0.03597,483208.0
2026-01-01 00:40:00,0.03595,0.03596,0.03578,0.03591,348604.0
2026-01-01 00:45:00,0.03592,0.03611,0.03591,0.03606,206561.0
2026-01-01 00:50:00,0.03606,0.03611,0.03594,0.03602,400356.0
2026-01-01 00:55:00,0.03602,0.03698,0.03594,0.03651,1462602.0
2026-01-01 01:00:00,0.0365,0.03652,0.03603,0.03612,733708.0
2026-01-01 01:05:00,0.03613,0.03627,0.03608,0.03626,289417.0
2026-01-01 01:10:00,0.03625,0.03642,0.03598,0.03601,287031.0
2026-01-01 01:15:00,0.03602,0.03612,0.03595,0.036,388059.0
2026-01-01 01:20:00,0.03599,0.03603,0.03585,0.03595,392346.0
2026-01-01 01:25:00,0.03592,0.03595,0.03585,0.03592,219275.0
2026-01-01 01:30:00,0.03591,0.03611,0.03591,0.03601,185841.0
2026-01-01 01:35:00,0.03601,0.03602,0.03593,0.03597,101739.0
2026-01-01 01:40:00,0.03596,0.03599,0.03594,0.03597,105558.0
2026-01-01 01:45:00,0.03597,0.03608,0.03596,0.03604,96399.0
2026-01-01 01:50:00,0.03604,0.03613,0.03585,0.03587,233221.0
2026-01-01 01:55:00,0.03586,0.03591,0.03568,0.03572,296438.0
2026-01-01 02:00:00,0.03573,0.03595,0.03569,0.03589,479601.0
2026-01-01 02:05:00,0.03589,0.03594,0.03573,0.03574,410150.0
2026-01-01 02:10:00,0.03573,0.03579,0.03569,0.03572,154628.0
2026-01-01 02:15:00,0.03571,0.03573,0.03551,0.03554,721861.0
2026-01-01 02:20:00,0.03556,0.0357,0.0355,0.0356,486121.0
2026-01-01 02:25:00,0.0356,0.0356,0.03539,0.03551,1175032.0
2026-01-01 02:30:00,0.03551,0.0356,0.03537,0.03543,387838.0
2026-01-01 02:35:00,0.03543,0.03555,0.0354,0.03554,429058.0
2026-01-01 02:40:00,0.03554,0.03555,0.03546,0.03555,128114.0
2026-01-01 02:45:00,0.03552,0.03563,0.03549,0.03563,252974.0
2026-01-01 02:50:00,0.03562,0.03571,0.0356,0.0356,143231.0
2026-01-01 02:55:00,0.03559,0.03572,0.03559,0.03572,149460.0
2026-01-01 03:00:00,0.03571,0.03578,0.03553,0.03561,253187.0
2026-01-01 03:05:00,0.0356,0.0356,0.03543,0.03544,133212.0
2026-01-01 03:10:00,0.03543,0.0355,0.03535,0.03544,243880.0
2026-01-01 03:15:00,0.03544,0.03549,0.0354,0.03544,81736.0
2026-01-01 03:20:00,0.03544,0.03546,0.03538,0.03541,55447.0
2026-01-01 03:25:00,0.03541,0.03555,0.0354,0.03549,203618.0
2026-01-01 03:30:00,0.03548,0.03554,0.03543,0.03552,122189.0
2026-01-01 03:35:00,0.03552,0.03557,0.03547,0.03553,170202.0
2026-01-01 03:40:00,0.03552,0.03554,0.03547,0.03551,139505.0
2026-01-01 03:45:00,0.03551,0.03554,0.03541,0.03554,191417.0
2026-01-01 03:50:00,0.03551,0.03554,0.03543,0.03544,136710.0
2026-01-01 03:55:00,0.03545,0.03545,0.03535,0.03542,145590.0
2026-01-01 04:00:00,0.03542,0.03564,0.03542,0.03562,367653.0
2026-01-01 04:05:00,0.03561,0.03564,0.03553,0.03555,115990.0
2026-01-01 04:10:00,0.03554,0.03557,0.0355,0.03555,107413.0
2026-01-01 04:15:00,0.03556,0.03579,0.03553,0.03569,513103.0
2026-01-01 04:20:00,0.03569,0.0357,0.03543,0.03549,647567.0
2026-01-01 04:25:00,0.03548,0.03555,0.03523,0.03527,706884.0
2026-01-01 04:30:00,0.03528,0.03549,0.03521,0.03544,977608.0
2026-01-01 04:35:00,0.03543,0.03545,0.03539,0.03542,130748.0
2026-01-01 04:40:00,0.03543,0.03543,0.03517,0.03517,1200346.0
2026-01-01 04:45:00,0.03517,0.03539,0.03515,0.03538,460673.0
2026-01-01 04:50:00,0.03538,0.03543,0.03534,0.03542,154307.0
2026-01-01 04:55:00,0.03542,0.03568,0.03542,0.03549,349449.0
2026-01-01 05:00:00,0.0355,0.0355,0.0353,0.03539,530823.0
2026-01-01 05:05:00,0.03539,0.03539,0.03529,0.03529,68766.0
2026-01-01 05:10:00,0.03529,0.03531,0.03502,0.03508,627780.0
2026-01-01 05:15:00,0.03509,0.03518,0.03504,0.03515,88952.0
2026-01-01 05:20:00,0.03515,0.03516,0.03503,0.03506,150374.0
2026-01-01 05:25:00,0.03506,0.03508,0.03479,0.03482,1554941.0
2026-01-01 05:30:00,0.03483,0.03494,0.0348,0.03483,419211.0
2026-01-01 05:35:00,0.03483,0.03488,0.03478,0.03486,318742.0
2026-01-01 05:40:00,0.03482,0.03509,0.03481,0.03499,359899.0
2026-01-01 05:45:00,0.03499,0.03515,0.0349,0.0351,176871.0
2026-01-01 05:50:00,0.03509,0.03552,0.03507,0.03534,886032.0
2026-01-01 05:55:00,0.03532,0.03542,0.03522,0.03526,564685.0
2026-01-01 06:00:00,0.03526,0.03534,0.03519,0.0352,334621.0
2026-01-01 06:05:00,0.03519,0.03521,0.03501,0.03501,235317.0
2026-01-01 06:10:00,0.035,0.03513,0.035,0.0351,172238.0
2026-01-01 06:15:00,0.0351,0.03529,0.03508,0.03529,235549.0
2026-01-01 06:20:00,0.03529,0.03533,0.03523,0.03531,108061.0
2026-01-01 06:25:00,0.03531,0.0356,0.0353,0.03556,368818.0
2026-01-01 06:30:00,0.03556,0.03607,0.03553,0.036,1137297.0
2026-01-01 06:35:00,0.03601,0.03612,0.03587,0.03596,813464.0
2026-01-01 06:40:00,0.03595,0.03603,0.03565,0.03568,504072.0
2026-01-01 06:45:00,0.03567,0.03617,0.03567,0.03611,571943.0
2026-01-01 06:50:00,0.0361,0.03646,0.03596,0.03635,1958445.0
2026-01-01 06:55:00,0.03633,0.03687,0.03633,0.03677,2302453.0
2026-01-01 07:00:00,0.03676,0.03679,0.03615,0.03638,1005233.0
2026-01-01 07:05:00,0.03638,0.03648,0.03629,0.03629,319319.0
2026-01-01 07:10:00,0.03629,0.03629,0.0359,0.03595,694209.0
2026-01-01 07:15:00,0.03597,0.03597,0.03552,0.03561,492503.0
2026-01-01 07:20:00,0.03561,0.03562,0.03532,0.0354,540630.0
2026-01-01 07:25:00,0.0354,0.03545,0.03522,0.03543,598505.0
2026-01-01 07:30:00,0.03544,0.03553,0.03541,0.03553,379279.0
2026-01-01 07:35:00,0.03553,0.03556,0.0353,0.03541,347901.0
2026-01-01 07:40:00,0.03541,0.03546,0.03507,0.03533,488727.0
2026-01-01 07:45:00,0.03532,0.03554,0.03532,0.0355,135642.0
2026-01-01 07:50:00,0.03548,0.03554,0.03541,0.03542,188682.0
2026-01-01 07:55:00,0.03541,0.03545,0.03527,0.03531,192576.0
2026-01-01 08:00:00,0.0353,0.03558,0.0353,0.03555,245239.0
2026-01-01 08:05:00,0.03553,0.03589,0.03546,0.0358,334874.0
2026-01-01 08:10:00,0.0358,0.03589,0.0357,0.03588,186380.0
2026-01-01 08:15:00,0.03586,0.03609,0.03556,0.03574,351594.0
2026-01-01 08:20:00,0.03574,0.03574,0.0353,0.03563,416582.0
2026-01-01 08:25:00,0.03562,0.03572,0.03552,0.03553,118124.0
2026-01-01 08:30:00,0.03553,0.03583,0.03553,0.03563,508985.0
2026-01-01 08:35:00,0.03561,0.03574,0.03546,0.03573,322359.0
2026-01-01 08:40:00,0.03572,0.03611,0.03572,0.03588,407144.0
2026-01-01 08:45:00,0.0359,0.03611,0.03587,0.03589,266312.0
2026-01-01 08:50:00,0.03588,0.03588,0.03569,0.03582,248053.0
2026-01-01 08:55:00,0.03581,0.03591,0.03556,0.03576,349650.0
2026-01-01 09:00:00,0.03576,0.03587,0.03557,0.03582,247390.0
2026-01-01 09:05:00,0.0358,0.03591,0.03568,0.0359,291027.0
2026-01-01 09:10:00,0.0359,0.03601,0.03575,0.03596,409834.0
2026-01-01 09:15:00,0.03597,0.03618,0.03595,0.03604,296937.0
2026-01-01 09:20:00,0.03605,0.03605,0.03583,0.03588,89700.0
2026-01-01 09:25:00,0.03589,0.0359,0.03504,0.03552,2589313.0
2026-01-01 09:30:00,0.03552,0.03613,0.03549,0.03586,947569.0
2026-01-01 09:35:00,0.03587,0.03605,0.03564,0.0358,813119.0
2026-01-01 09:40:00,0.0358,0.0358,0.0355,0.03562,579561.0
2026-01-01 09:45:00,0.03563,0.03568,0.03528,0.03545,359573.0
2026-01-01 09:50:00,0.03543,0.03548,0.03532,0.03539,314560.0
2026-01-01 09:55:00,0.03539,0.03543,0.03511,0.03542,552735.0
2026-01-01 10:00:00,0.03543,0.03599,0.03543,0.0356,934849.0
2026-01-01 10:05:00,0.03559,0.03564,0.03552,0.03557,199931.0
2026-01-01 10:10:00,0.03558,0.03569,0.03557,0.03568,174000.0
2026-01-01 10:15:00,0.03566,0.03572,0.03561,0.03567,154971.0
2026-01-01 10:20:00,0.03566,0.03568,0.03556,0.03559,162123.0
2026-01-01 10:25:00,0.03556,0.03567,0.03548,0.03555,204657.0
2026-01-01 10:30:00,0.03555,0.03566,0.0355,0.03562,237046.0
2026-01-01 10:35:00,0.03561,0.03566,0.03556,0.03561,73754.0
2026-01-01 10:40:00,0.0356,0.03564,0.03551,0.03552,104292.0
2026-01-01 10:45:00,0.03554,0.03557,0.03545,0.03552,81610.0
2026-01-01 10:50:00,0.03553,0.03558,0.03545,0.03553,114846.0
2026-01-01 10:55:00,0.03554,0.0356,0.03549,0.0356,72015.0
2026-01-01 11:00:00,0.03561,0.03577,0.0356,0.03575,225370.0
2026-01-01 11:05:00,0.03575,0.03577,0.03563,0.03565,78231.0
2026-01-01 11:10:00,0.03564,0.03569,0.03556,0.0356,89813.0
2026-01-01 11:15:00,0.0356,0.03574,0.0356,0.0357,77770.0
2026-01-01 11:20:00,0.03569,0.03589,0.03569,0.03585,117936.0
2026-01-01 11:25:00,0.03585,0.03595,0.03581,0.03594,106834.0
2026-01-01 11:30:00,0.03594,0.03621,0.03594,0.03608,555002.0
2026-01-01 11:35:00,0.03608,0.03625,0.03593,0.03599,379651.0
2026-01-01 11:40:00,0.036,0.03623,0.03588,0.03622,203009.0
2026-01-01 11:45:00,0.03623,0.03643,0.0361,0.0364,295486.0
2026-01-01 11:50:00,0.03638,0.03666,0.03638,0.03654,515589.0
2026-01-01 11:55:00,0.03656,0.03657,0.03637,0.03646,207375.0
2026-01-01 12:00:00,0.03643,0.03653,0.03569,0.03601,1653966.0
2026-01-01 12:05:00,0.03599,0.03616,0.03581,0.03597,447485.0
2026-01-01 12:10:00,0.03598,0.03604,0.03573,0.03582,741612.0
2026-01-01 12:15:00,0.03582,0.03595,0.03531,0.03539,1267522.0
2026-01-01 12:20:00,0.03537,0.03542,0.03504,0.03526,1081685.0
2026-01-01 12:25:00,0.03527,0.03532,0.03506,0.03513,525618.0
2026-01-01 12:30:00,0.03513,0.03537,0.035,0.03529,897973.0
2026-01-01 12:35:00,0.03529,0.03539,0.03505,0.03536,702772.0
2026-01-01 12:40:00,0.03537,0.03544,0.03521,0.03522,371228.0
2026-01-01 12:45:00,0.03523,0.03545,0.03521,0.03542,692098.0
2026-01-01 12:50:00,0.03542,0.03554,0.03525,0.03525,272235.0
2026-01-01 12:55:00,0.03526,0.03532,0.03523,0.03524,318167.0
2026-01-01 13:00:00,0.03522,0.03547,0.03518,0.03539,306861.0
2026-01-01 13:05:00,0.03539,0.03544,0.03523,0.03532,326100.0
2026-01-01 13:10:00,0.03531,0.03544,0.03529,0.0354,117332.0
2026-01-01 13:15:00,0.03539,0.03544,0.03528,0.03535,284135.0
2026-01-01 13:20:00,0.03535,0.03576,0.03535,0.03568,351503.0
2026-01-01 13:25:00,0.03568,0.03568,0.03549,0.03558,294804.0
2026-01-01 13:30:00,0.03558,0.03561,0.03545,0.03557,127845.0
2026-01-01 13:35:00,0.03556,0.03556,0.03545,0.03545,100613.0
2026-01-01 13:40:00,0.03546,0.03583,0.03545,0.03576,524983.0
2026-01-01 13:45:00,0.03572,0.0359,0.03551,0.03555,742138.0
2026-01-01 13:50:00,0.03554,0.03565,0.0355,0.03559,121380.0
2026-01-01 13:55:00,0.03558,0.03567,0.0354,0.03558,483063.0
2026-01-01 14:00:00,0.03559,0.03566,0.0353,0.03534,556649.0
2026-01-01 14:05:00,0.03533,0.03539,0.03511,0.03525,539658.0
2026-01-01 14:10:00,0.03521,0.03544,0.03516,0.03543,273771.0
2026-01-01 14:15:00,0.03542,0.03548,0.03528,0.03532,285275.0
2026-01-01 14:20:00,0.03531,0.03537,0.03519,0.03527,175228.0
2026-01-01 14:25:00,0.03528,0.03531,0.03519,0.03523,202446.0
2026-01-01 14:30:00,0.03524,0.0356,0.03524,0.03558,502026.0
2026-01-01 14:35:00,0.03557,0.03558,0.03528,0.03534,240737.0
2026-01-01 14:40:00,0.03537,0.03544,0.03531,0.03544,174075.0
2026-01-01 14:45:00,0.03543,0.03554,0.03525,0.03532,578942.0
2026-01-01 14:50:00,0.03532,0.03546,0.0353,0.03541,104004.0
2026-01-01 14:55:00,0.03542,0.03554,0.0354,0.03549,229193.0
2026-01-01 15:00:00,0.03547,0.03563,0.03544,0.03562,308791.0
2026-01-01 15:05:00,0.03561,0.03561,0.0355,0.03556,159345.0
2026-01-01 15:10:00,0.03556,0.03556,0.03535,0.03546,182231.0
2026-01-01 15:15:00,0.03546,0.03551,0.03541,0.03548,142180.0
2026-01-01 15:20:00,0.03547,0.03556,0.03546,0.03553,67624.0
2026-01-01 15:25:00,0.03553,0.03582,0.03553,0.03576,152698.0
2026-01-01 15:30:00,0.03578,0.03581,0.0357,0.03573,304385.0
2026-01-01 15:35:00,0.03574,0.03583,0.03569,0.03581,161791.0
2026-01-01 15:40:00,0.03581,0.03592,0.03579,0.03583,190654.0
2026-01-01 15:45:00,0.03583,0.03588,0.03569,0.03572,201746.0
2026-01-01 15:50:00,0.03573,0.03575,0.03562,0.0357,145929.0
2026-01-01 15:55:00,0.03569,0.03591,0.03569,0.03589,125249.0
2026-01-01 16:00:00,0.03589,0.03626,0.03588,0.03616,615227.0
2026-01-01 16:05:00,0.03615,0.03619,0.0358,0.03587,725866.0
2026-01-01 16:10:00,0.03587,0.03603,0.03581,0.0359,213288.0
2026-01-01 16:15:00,0.0359,0.03615,0.03589,0.03615,144075.0
2026-01-01 16:20:00,0.03615,0.0362,0.03594,0.03604,456483.0
2026-01-01 16:25:00,0.03605,0.03652,0.03605,0.03649,473576.0
2026-01-01 16:30:00,0.03651,0.03655,0.03584,0.03594,993535.0
2026-01-01 16:35:00,0.03598,0.03598,0.0357,0.03587,497404.0
2026-01-01 16:40:00,0.03586,0.03588,0.03566,0.03573,187927.0
2026-01-01 16:45:00,0.03572,0.0359,0.03565,0.03583,192131.0
2026-01-01 16:50:00,0.03581,0.03612,0.03578,0.03611,256944.0
2026-01-01 16:55:00,0.03612,0.03621,0.03605,0.0362,172233.0
2026-01-01 17:00:00,0.03621,0.03627,0.03592,0.03593,382675.0
2026-01-01 17:05:00,0.03593,0.03618,0.03589,0.03618,177478.0
2026-01-01 17:10:00,0.03618,0.03624,0.03607,0.03616,261101.0
2026-01-01 17:15:00,0.03616,0.03627,0.03612,0.03621,105538.0
2026-01-01 17:20:00,0.03621,0.03631,0.03616,0.03629,180876.0
2026-01-01 17:25:00,0.03625,0.03629,0.03604,0.03604,425728.0
2026-01-01 17:30:00,0.03605,0.03613,0.03597,0.03602,451578.0
2026-01-01 17:35:00,0.03601,0.03609,0.03588,0.03608,308302.0
2026-01-01 17:40:00,0.03606,0.03619,0.03605,0.03616,104289.0
2026-01-01 17:45:00,0.03616,0.0362,0.03606,0.03612,169133.0
2026-01-01 17:50:00,0.03612,0.03635,0.03601,0.03613,586646.0
2026-01-01 17:55:00,0.03614,0.03615,0.03598,0.03598,139446.0
2026-01-01 18:00:00,0.03598,0.0361,0.03595,0.03602,207093.0
2026-01-01 18:05:00,0.03602,0.03614,0.036,0.03606,189979.0
2026-01-01 18:10:00,0.03607,0.03612,0.03596,0.03604,222150.0
2026-01-01 18:15:00,0.03604,0.03604,0.03576,0.03583,377738.0
2026-01-01 18:20:00,0.03584,0.03588,0.03584,0.03585,49772.0
2026-01-01 18:25:00,0.03584,0.03592,0.03578,0.03588,117208.0
2026-01-01 18:30:00,0.03588,0.03591,0.03583,0.03585,99810.0
2026-01-01 18:35:00,0.03585,0.03588,0.03574,0.03581,268404.0
2026-01-01 18:40:00,0.03581,0.03628,0.03573,0.03613,366841.0
2026-01-01 18:45:00,0.03613,0.03616,0.03592,0.03612,150504.0
2026-01-01 18:50:00,0.03614,0.0362,0.03611,0.03611,105383.0
2026-01-01 18:55:00,0.0361,0.03618,0.0361,0.03615,76635.0
2026-01-01 19:00:00,0.03615,0.03621,0.03601,0.03604,249387.0
2026-01-01 19:05:00,0.03602,0.03607,0.03585,0.03591,196740.0
2026-01-01 19:10:00,0.03592,0.03606,0.03589,0.03603,281893.0
2026-01-01 19:15:00,0.03603,0.03609,0.03595,0.03595,73949.0
2026-01-01 19:20:00,0.03595,0.03617,0.03593,0.03605,95298.0
2026-01-01 19:25:00,0.03605,0.03641,0.03605,0.03632,469572.0
2026-01-01 19:30:00,0.03633,0.03648,0.03624,0.03648,505780.0
2026-01-01 19:35:00,0.03648,0.03661,0.03648,0.03651,266765.0
2026-01-01 19:40:00,0.03651,0.03692,0.03641,0.03692,1039522.0
2026-01-01 19:45:00,0.03691,0.03699,0.03687,0.03689,362311.0
2026-01-01 19:50:00,0.03688,0.03695,0.0363,0.0364,891993.0
2026-01-01 19:55:00,0.0364,0.03661,0.03621,0.03638,530786.0
2026-01-01 20:00:00,0.03646,0.03656,0.03608,0.03609,443570.0
2026-01-01 20:05:00,0.0361,0.03629,0.03595,0.03624,431260.0
2026-01-01 20:10:00,0.03624,0.03646,0.03624,0.03643,230338.0
2026-01-01 20:15:00,0.03642,0.03668,0.03634,0.0366,407554.0
2026-01-01 20:20:00,0.03661,0.03665,0.03634,0.03634,138969.0
2026-01-01 20:25:00,0.03636,0.03647,0.03634,0.03636,199209.0
2026-01-01 20:30:00,0.03638,0.03651,0.03632,0.03644,131616.0
2026-01-01 20:35:00,0.03647,0.03664,0.03647,0.03659,149002.0
2026-01-01 20:40:00,0.03658,0.03658,0.03623,0.03625,224430.0
2026-01-01 20:45:00,0.03626,0.03636,0.03624,0.03634,155342.0
2026-01-01 20:50:00,0.03634,0.03635,0.03613,0.03616,182115.0
2026-01-01 20:55:00,0.03618,0.03618,0.03606,0.03608,252980.0
2026-01-01 21:00:00,0.03607,0.03619,0.03602,0.03605,243933.0
2026-01-01 21:05:00,0.03605,0.03625,0.03605,0.03625,164344.0
2026-01-01 21:10:00,0.03628,0.0363,0.03621,0.03621,201968.0
2026-01-01 21:15:00,0.03621,0.03622,0.03608,0.0361,76266.0
2026-01-01 21:20:00,0.03611,0.03617,0.03608,0.03617,72906.0
2026-01-01 21:25:00,0.03616,0.03621,0.03609,0.03609,209845.0
2026-01-01 21:30:00,0.03606,0.03609,0.03591,0.03593,221764.0
2026-01-01 21:35:00,0.03593,0.03608,0.0359,0.03608,115097.0
2026-01-01 21:40:00,0.0361,0.03616,0.03605,0.03613,154874.0
2026-01-01 21:45:00,0.03613,0.03615,0.03606,0.03614,89976.0
2026-01-01 21:50:00,0.03615,0.03624,0.0361,0.03615,145327.0
2026-01-01 21:55:00,0.03615,0.03616,0.03604,0.03605,77881.0
2026-01-01 22:00:00,0.03606,0.03606,0.03587,0.0359,451216.0
2026-01-01 22:05:00,0.0359,0.03594,0.03584,0.03585,100979.0
2026-01-01 22:10:00,0.03585,0.03589,0.03564,0.03581,324755.0
2026-01-01 22:15:00,0.03582,0.03585,0.03569,0.03569,89258.0
2026-01-01 22:20:00,0.03573,0.03648,0.03571,0.03587,1081589.0
2026-01-01 22:25:00,0.03588,0.03594,0.03575,0.03583,208952.0
2026-01-01 22:30:00,0.03586,0.03587,0.03558,0.03569,339536.0
2026-01-01 22:35:00,0.03569,0.03578,0.03563,0.03569,94305.0
2026-01-01 22:40:00,0.03568,0.03581,0.03562,0.03562,167024.0
2026-01-01 22:45:00,0.03567,0.03572,0.03562,0.03566,50796.0
2026-01-01 22:50:00,0.03568,0.03568,0.03535,0.03554,515590.0
2026-01-01 22:55:00,0.03555,0.03567,0.03554,0.03562,69322.0
2026-01-01 23:00:00,0.03562,0.03565,0.0354,0.03544,304196.0
2026-01-01 23:05:00,0.03542,0.0355,0.03539,0.0354,126921.0
2026-01-01 23:10:00,0.03538,0.03543,0.03526,0.0353,211918.0
2026-01-01 23:15:00,0.0353,0.03536,0.03527,0.03531,94916.0
2026-01-01 23:20:00,0.0353,0.03537,0.03527,0.03527,137319.0
2026-01-01 23:25:00,0.03527,0.0355,0.03526,0.03542,324883.0
2026-01-01 23:30:00,0.03544,0.03548,0.0347,0.03515,2348557.0
2026-01-01 23:35:00,0.03515,0.03548,0.03515,0.03527,427945.0
2026-01-01 23:40:00,0.03525,0.0354,0.03519,0.03533,209965.0
2026-01-01 23:45:00,0.03533,0.03536,0.03509,0.03509,288800.0
2026-01-01 23:50:00,0.0351,0.03517,0.03504,0.03511,187513.0
2026-01-01 23:55:00,0.0351,0.03512,0.03505,0.03506,192226.0
2026-01-02 00:00:00,0.03506,0.03511,0.03491,0.03496,450749.0
2026-01-02 00:05:00,0.03496,0.03496,0.03478,0.03485,356166.0
2026-01-02 00:10:00,0.03485,0.035,0.03475,0.0349,745862.0
2026-01-02 00:15:00,0.03488,0.03492,0.03478,0.03488,302611.0
2026-01-02 00:20:00,0.03487,0.03508,0.03487,0.03491,392416.0
2026-01-02 00:25:00,0.03491,0.035,0.03475,0.03475,433639.0
2026-01-02 00:30:00,0.03475,0.03483,0.0347,0.03472,639901.0
2026-01-02 00:35:00,0.03471,0.03505,0.03448,0.03484,2899101.0
2026-01-02 00:40:00,0.03483,0.03486,0.03452,0.03456,437001.0
2026-01-02 00:45:00,0.03457,0.03469,0.0345,0.03462,1070951.0
2026-01-02 00:50:00,0.03462,0.03475,0.03456,0.03461,315304.0
2026-01-02 00:55:00,0.03461,0.03463,0.03441,0.03445,609363.0
2026-01-02 01:00:00,0.03447,0.03452,0.03436,0.03436,738422.0
2026-01-02 01:05:00,0.03436,0.03442,0.03436,0.03439,352089.0
2026-01-02 01:10:00,0.03439,0.03442,0.03438,0.0344,359241.0
2026-01-02 01:15:00,0.03439,0.03458,0.03437,0.0345,502529.0
2026-01-02 01:20:00,0.03449,0.03463,0.03435,0.0345,856416.0
2026-01-02 01:25:00,0.0345,0.03451,0.0344,0.03444,283558.0
2026-01-02 01:30:00,0.03445,0.03452,0.03435,0.03437,578691.0
2026-01-02 01:35:00,0.03436,0.03439,0.03422,0.03422,576882.0
2026-01-02 01:40:00,0.03421,0.03424,0.03395,0.03403,1286171.0
2026-01-02 01:45:00,0.03404,0.03414,0.03396,0.03403,1329511.0
2026-01-02 01:50:00,0.03404,0.03427,0.034,0.03405,743352.0
2026-01-02 01:55:00,0.03405,0.03417,0.034,0.03402,445761.0
2026-01-02 02:00:00,0.03402,0.03412,0.03398,0.03406,588064.0
2026-01-02 02:05:00,0.03406,0.03414,0.034,0.03405,688043.0
2026-01-02 02:10:00,0.03404,0.03412,0.03399,0.03401,543835.0
2026-01-02 02:15:00,0.03401,0.03405,0.0335,0.03375,1603073.0
2026-01-02 02:20:00,0.03375,0.03386,0.03358,0.03382,849261.0
2026-01-02 02:25:00,0.03381,0.03381,0.03354,0.03371,527312.0
2026-01-02 02:30:00,0.03371,0.03379,0.0336,0.03376,639914.0
2026-01-02 02:35:00,0.03374,0.03377,0.03364,0.03368,645763.0
2026-01-02 02:40:00,0.03369,0.03378,0.03363,0.03374,596055.0
2026-01-02 02:45:00,0.03374,0.03384,0.03374,0.03382,185991.0
2026-01-02 02:50:00,0.03383,0.03389,0.03368,0.03377,363827.0
2026-01-02 02:55:00,0.03375,0.03378,0.03368,0.03368,205946.0
2026-01-02 03:00:00,0.03369,0.03378,0.03351,0.03359,764051.0
2026-01-02 03:05:00,0.03359,0.03366,0.03357,0.03364,324150.0
2026-01-02 03:10:00,0.03363,0.03382,0.03359,0.03381,546521.0
2026-01-02 03:15:00,0.0338,0.03396,0.03374,0.03394,625546.0
2026-01-02 03:20:00,0.03395,0.03408,0.03379,0.03389,561021.0
2026-01-02 03:25:00,0.03388,0.03391,0.0338,0.03388,361372.0
2026-01-02 03:30:00,0.03387,0.03415,0.03387,0.0341,304066.0
2026-01-02 03:35:00,0.03412,0.0342,0.034,0.03414,596682.0
2026-01-02 03:40:00,0.03414,0.0343,0.03414,0.03416,286667.0
2026-01-02 03:45:00,0.03416,0.03428,0.03412,0.03428,307041.0
2026-01-02 03:50:00,0.03427,0.03428,0.03411,0.03416,282311.0
2026-01-02 03:55:00,0.03416,0.0342,0.03411,0.03413,105195.0
2026-01-02 04:00:00,0.03413,0.03413,0.0339,0.03395,609900.0
2026-01-02 04:05:00,0.03396,0.0345,0.03393,0.03445,1466666.0
2026-01-02 04:10:00,0.03446,0.03475,0.03445,0.03471,787752.0
2026-01-02 04:15:00,0.03471,0.03475,0.03442,0.03447,692509.0
2026-01-02 04:20:00,0.03448,0.03448,0.03418,0.03429,598599.0
2026-01-02 04:25:00,0.0343,0.0344,0.03425,0.03427,194042.0
2026-01-02 04:30:00,0.03428,0.03438,0.03418,0.0343,461792.0
2026-01-02 04:35:00,0.03428,0.03428,0.03403,0.03406,299689.0
2026-01-02 04:40:00,0.03405,0.03423,0.03402,0.03419,204210.0
2026-01-02 04:45:00,0.03419,0.03421,0.03411,0.03417,186666.0
2026-01-02 04:50:00,0.03417,0.03429,0.03407,0.03422,545954.0
2026-01-02 04:55:00,0.03422,0.03427,0.03407,0.03412,250540.0
2026-01-02 05:00:00,0.03412,0.03419,0.03405,0.03413,276767.0
2026-01-02 05:05:00,0.03414,0.03457,0.03413,0.03436,1661789.0
2026-01-02 05:10:00,0.03436,0.0347,0.03434,0.03463,179950.0
2026-01-02 05:15:00,0.03463,0.03493,0.03462,0.03474,470067.0
2026-01-02 05:20:00,0.03475,0.03485,0.03467,0.03469,298251.0
2026-01-02 05:25:00,0.0347,0.03472,0.03459,0.03464,247109.0
2026-01-02 05:30:00,0.03465,0.03466,0.0346,0.03461,84658.0
2026-01-02 05:35:00,0.0346,0.03462,0.03444,0.03449,163124.0
2026-01-02 05:40:00,0.0345,0.03456,0.03449,0.03451,115561.0
2026-01-02 05:45:00,0.0345,0.03462,0.0345,0.03462,130491.0
2026-01-02 05:50:00,0.03462,0.03475,0.0346,0.03468,217812.0
2026-01-02 05:55:00,0.03468,0.03472,0.0346,0.03462,197544.0
2026-01-02 06:00:00,0.03464,0.03475,0.03447,0.03448,316204.0
2026-01-02 06:05:00,0.03448,0.03449,0.03427,0.03434,309389.0
2026-01-02 06:10:00,0.03435,0.03439,0.03425,0.03437,218144.0
2026-01-02 06:15:00,0.03437,0.03452,0.03435,0.03451,122881.0
2026-01-02 06:20:00,0.0345,0.03456,0.03447,0.0345,118329.0
2026-01-02 06:25:00,0.03449,0.0346,0.03448,0.0346,50753.0
2026-01-02 06:30:00,0.03459,0.03481,0.03459,0.03478,345372.0
2026-01-02 06:35:00,0.03478,0.03479,0.03464,0.03472,361957.0
2026-01-02 06:40:00,0.03473,0.03473,0.03464,0.03471,97584.0
2026-01-02 06:45:00,0.0347,0.03471,0.03458,0.0347,125579.0
2026-01-02 06:50:00,0.0347,0.03486,0.03465,0.0348,237378.0
2026-01-02 06:55:00,0.03481,0.03496,0.03459,0.03472,712161.0
2026-01-02 07:00:00,0.03473,0.03473,0.03457,0.03463,159674.0
2026-01-02 07:05:00,0.03464,0.03465,0.03462,0.03462,37535.0
2026-01-02 07:10:00,0.03462,0.03471,0.03458,0.03468,189399.0
2026-01-02 07:15:00,0.03468,0.03475,0.03445,0.0346,585002.0
2026-01-02 07:20:00,0.0346,0.03461,0.03449,0.03451,65273.0
2026-01-02 07:25:00,0.0345,0.03462,0.0345,0.03455,91065.0
2026-01-02 07:30:00,0.03455,0.03457,0.0343,0.03437,344638.0
2026-01-02 07:35:00,0.03438,0.03456,0.03425,0.03455,306003.0
2026-01-02 07:40:00,0.03454,0.03464,0.03451,0.03463,159474.0
2026-01-02 07:45:00,0.03464,0.03465,0.03451,0.03453,244174.0
2026-01-02 07:50:00,0.0345,0.03456,0.0344,0.03444,144414.0
2026-01-02 07:55:00,0.03444,0.03456,0.03442,0.03454,80833.0
2026-01-02 08:00:00,0.03453,0.03456,0.03444,0.03448,205799.0
2026-01-02 08:05:00,0.03449,0.03456,0.03449,0.03455,67589.0
2026-01-02 08:10:00,0.03459,0.03462,0.03443,0.03448,171475.0
2026-01-02 08:15:00,0.0345,0.0345,0.03444,0.03449,93813.0
2026-01-02 08:20:00,0.0345,0.0346,0.03443,0.03459,89030.0
2026-01-02 08:25:00,0.03459,0.03483,0.03456,0.03465,463589.0
2026-01-02 08:30:00,0.03467,0.03478,0.03466,0.03474,249564.0
2026-01-02 08:35:00,0.03474,0.03475,0.03465,0.03467,125265.0
2026-01-02 08:40:00,0.03466,0.03467,0.03454,0.03455,94980.0
2026-01-02 08:45:00,0.03455,0.03469,0.03453,0.03462,74835.0
2026-01-02 08:50:00,0.03462,0.03474,0.03462,0.03473,111174.0
2026-01-02 08:55:00,0.03473,0.03479,0.03468,0.03473,137627.0
2026-01-02 09:00:00,0.03473,0.03482,0.03452,0.0347,571197.0
2026-01-02 09:05:00,0.0347,0.03519,0.0347,0.03516,792530.0
2026-01-02 09:10:00,0.03516,0.03541,0.03507,0.03513,1205895.0
2026-01-02 09:15:00,0.03511,0.03515,0.03505,0.03512,227210.0
2026-01-02 09:20:00,0.03512,0.03515,0.03494,0.03504,305285.0
2026-01-02 09:25:00,0.03505,0.0351,0.03495,0.03504,186392.0
2026-01-02 09:30:00,0.03504,0.03505,0.03485,0.0349,417414.0
2026-01-02 09:35:00,0.0349,0.03505,0.0349,0.03496,344549.0
2026-01-02 09:40:00,0.03496,0.03497,0.0349,0.03492,73792.0
2026-01-02 09:45:00,0.03493,0.03515,0.03487,0.03508,180370.0
2026-01-02 09:50:00,0.03508,0.03519,0.03493,0.03504,564089.0
2026-01-02 09:55:00,0.03503,0.03509,0.03488,0.03497,208978.0
2026-01-02 10:00:00,0.03497,0.03522,0.03466,0.03485,1205884.0
2026-01-02 10:05:00,0.03486,0.03509,0.03485,0.03505,218791.0
2026-01-02 10:10:00,0.03505,0.03508,0.03481,0.03486,338137.0
2026-01-02 10:15:00,0.03486,0.03489,0.03461,0.03478,539542.0
2026-01-02 10:20:00,0.03477,0.03485,0.0347,0.03479,240922.0
2026-01-02 10:25:00,0.03479,0.03481,0.03462,0.03475,398073.0
2026-01-02 10:30:00,0.03475,0.03482,0.03475,0.0348,81370.0
2026-01-02 10:35:00,0.0348,0.03483,0.03467,0.0347,141142.0
2026-01-02 10:40:00,0.0347,0.03471,0.03461,0.03466,177031.0
2026-01-02 10:45:00,0.03466,0.03472,0.03459,0.03464,221982.0
2026-01-02 10:50:00,0.03464,0.03472,0.03457,0.03457,115537.0
2026-01-02 10:55:00,0.03457,0.03465,0.03431,0.03459,807052.0
2026-01-02 11:00:00,0.03458,0.03462,0.03444,0.03447,247809.0
2026-01-02 11:05:00,0.03447,0.03449,0.03427,0.03436,403604.0
2026-01-02 11:10:00,0.03437,0.03563,0.03433,0.03498,3150296.0
2026-01-02 11:15:00,0.03497,0.03509,0.0346,0.03509,900311.0
2026-01-02 11:20:00,0.03508,0.03514,0.03488,0.03495,348311.0
2026-01-02 11:25:00,0.03495,0.03539,0.03494,0.03513,1232887.0
2026-01-02 11:30:00,0.03513,0.03542,0.03513,0.03522,748025.0
2026-01-02 11:35:00,0.03523,0.03529,0.03508,0.03509,379022.0
2026-01-02 11:40:00,0.03511,0.03517,0.03493,0.03493,237749.0
2026-01-02 11:45:00,0.03493,0.035,0.0348,0.03495,270161.0
2026-01-02 11:50:00,0.03495,0.03507,0.0349,0.03507,130431.0
2026-01-02 11:55:00,0.03508,0.03514,0.03505,0.03512,83169.0
2026-01-02 12:00:00,0.03512,0.03512,0.03463,0.03478,797400.0
2026-01-02 12:05:00,0.03478,0.03485,0.03468,0.03485,190939.0
2026-01-02 12:10:00,0.03486,0.035,0.03486,0.03493,114469.0
2026-01-02 12:15:00,0.03492,0.03499,0.03487,0.03494,107048.0
2026-01-02 12:20:00,0.03495,0.03504,0.03491,0.03501,150873.0
2026-01-02 12:25:00,0.03503,0.03503,0.03485,0.0349,247042.0
2026-01-02 12:30:00,0.0349,0.03494,0.03481,0.03489,140442.0
2026-01-02 12:35:00,0.0349,0.03498,0.03464,0.03473,552483.0
2026-01-02 12:40:00,0.03474,0.03478,0.03455,0.03477,457780.0
2026-01-02 12:45:00,0.03476,0.03482,0.03462,0.03471,527904.0
2026-01-02 12:50:00,0.03471,0.03485,0.03471,0.03485,130508.0
2026-01-02 12:55:00,0.03485,0.03486,0.03463,0.03473,359307.0
2026-01-02 13:00:00,0.03475,0.03484,0.0347,0.03477,213791.0
2026-01-02 13:05:00,0.03476,0.03482,0.03475,0.03475,75641.0
2026-01-02 13:10:00,0.03475,0.03485,0.03475,0.03482,56498.0
2026-01-02 13:15:00,0.03482,0.03485,0.03474,0.03483,123216.0
2026-01-02 13:20:00,0.03484,0.03485,0.03461,0.0347,370478.0
2026-01-02 13:25:00,0.03469,0.03471,0.03451,0.0346,290784.0
2026-01-02 13:30:00,0.0346,0.03469,0.03457,0.03462,207115.0
2026-01-02 13:35:00,0.03461,0.03461,0.03429,0.03437,336359.0
2026-01-02 13:40:00,0.03438,0.03448,0.03436,0.03438,185369.0
2026-01-02 13:45:00,0.03439,0.03458,0.03432,0.0345,381919.0
2026-01-02 13:50:00,0.03449,0.03457,0.03439,0.03443,108167.0
2026-01-02 13:55:00,0.03443,0.03448,0.03435,0.03436,267508.0
2026-01-02 14:00:00,0.03435,0.03524,0.03435,0.03503,1384316.0
2026-01-02 14:05:00,0.03503,0.03506,0.03463,0.0347,399405.0
2026-01-02 14:10:00,0.0347,0.0348,0.03468,0.03472,95554.0
2026-01-02 14:15:00,0.03471,0.03474,0.03454,0.03461,173814.0
2026-01-02 14:20:00,0.03463,0.03467,0.03452,0.03457,176888.0
2026-01-02 14:25:00,0.03457,0.0347,0.03453,0.03466,195388.0
2026-01-02 14:30:00,0.03465,0.03469,0.03449,0.03449,495943.0
2026-01-02 14:35:00,0.03448,0.03529,0.03445,0.03488,1304735.0
2026-01-02 14:40:00,0.03486,0.03506,0.03477,0.0349,761002.0
2026-01-02 14:45:00,0.0349,0.03503,0.0348,0.03494,426946.0
2026-01-02 14:50:00,0.03497,0.03515,0.03479,0.03485,472827.0
2026-01-02 14:55:00,0.03486,0.03486,0.03475,0.03483,249118.0
2026-01-02 15:00:00,0.03485,0.03491,0.03474,0.03477,276789.0
2026-01-02 15:05:00,0.03478,0.03487,0.03471,0.03477,222030.0
2026-01-02 15:10:00,0.03475,0.03478,0.03466,0.03467,192368.0
2026-01-02 15:15:00,0.03467,0.0347,0.03462,0.03463,122623.0
2026-01-02 15:20:00,0.03464,0.03467,0.03446,0.0346,793550.0
2026-01-02 15:25:00,0.03461,0.03461,0.03447,0.03452,189054.0
2026-01-02 15:30:00,0.03451,0.03466,0.03448,0.03463,350577.0
2026-01-02 15:35:00,0.03462,0.03478,0.0346,0.03475,116767.0
2026-01-02 15:40:00,0.03476,0.03478,0.03462,0.03469,156471.0
2026-01-02 15:45:00,0.03469,0.03469,0.03459,0.03464,138699.0
2026-01-02 15:50:00,0.03466,0.0347,0.0346,0.03465,148482.0
2026-01-02 15:55:00,0.03465,0.03465,0.03446,0.03453,248341.0
2026-01-02 16:00:00,0.03453,0.03454,0.03434,0.0344,422060.0
2026-01-02 16:05:00,0.03441,0.03452,0.03435,0.03445,182796.0
2026-01-02 16:10:00,0.03445,0.0345,0.03442,0.03447,179373.0
2026-01-02 16:15:00,0.03447,0.03588,0.03446,0.03505,3522054.0
2026-01-02 16:20:00,0.03504,0.03539,0.03498,0.03532,1025198.0
2026-01-02 16:25:00,0.03531,0.03553,0.03518,0.03544,979307.0
2026-01-02 16:30:00,0.03544,0.0358,0.03534,0.0358,1103533.0
2026-01-02 16:35:00,0.0358,0.03613,0.03572,0.03606,1400449.0
2026-01-02 16:40:00,0.03606,0.0362,0.03565,0.03575,1510114.0
2026-01-02 16:45:00,0.03572,0.03615,0.03571,0.03615,661355.0
2026-01-02 16:50:00,0.03613,0.03643,0.03595,0.03607,1077766.0
2026-01-02 16:55:00,0.03608,0.0361,0.03576,0.03603,691874.0
2026-01-02 17:00:00,0.03604,0.03675,0.03601,0.03666,1927802.0
2026-01-02 17:05:00,0.03668,0.03674,0.0364,0.03653,896868.0
2026-01-02 17:10:00,0.03651,0.03717,0.03647,0.03694,1514265.0
2026-01-02 17:15:00,0.03696,0.03718,0.03688,0.037,1444708.0
2026-01-02 17:20:00,0.03697,0.03697,0.03605,0.03629,1907701.0
2026-01-02 17:25:00,0.03628,0.03634,0.03585,0.03595,888040.0
2026-01-02 17:30:00,0.03597,0.03597,0.03554,0.03585,1349745.0
2026-01-02 17:35:00,0.03584,0.0361,0.03552,0.03558,549428.0
2026-01-02 17:40:00,0.03558,0.03573,0.03557,0.03565,330197.0
2026-01-02 17:45:00,0.03564,0.03569,0.03561,0.03567,243102.0
2026-01-02 17:50:00,0.03567,0.03612,0.03564,0.03594,628223.0
2026-01-02 17:55:00,0.03594,0.03604,0.03584,0.03592,252593.0
2026-01-02 18:00:00,0.03592,0.03621,0.03578,0.03612,427558.0
2026-01-02 18:05:00,0.03614,0.03624,0.03609,0.0361,167814.0
2026-01-02 18:10:00,0.0361,0.03614,0.03589,0.03602,239070.0
2026-01-02 18:15:00,0.03604,0.03616,0.03598,0.03616,189188.0
2026-01-02 18:20:00,0.03616,0.03655,0.03612,0.03645,332580.0
2026-01-02 18:25:00,0.03646,0.0366,0.03637,0.03656,617422.0
2026-01-02 18:30:00,0.03657,0.03659,0.03639,0.03647,441415.0
2026-01-02 18:35:00,0.03648,0.0366,0.03644,0.03658,290898.0
2026-01-02 18:40:00,0.03658,0.03671,0.03635,0.03662,855436.0
2026-01-02 18:45:00,0.03663,0.0367,0.03632,0.03644,533643.0
2026-01-02 18:50:00,0.03646,0.03646,0.03624,0.03639,257721.0
2026-01-02 18:55:00,0.03643,0.03667,0.03636,0.03661,435955.0
2026-01-02 19:00:00,0.03664,0.0369,0.03642,0.03672,884578.0
2026-01-02 19:05:00,0.03673,0.03679,0.03664,0.03672,119938.0
2026-01-02 19:10:00,0.03674,0.03693,0.03672,0.03678,352637.0
2026-01-02 19:15:00,0.03675,0.03677,0.03638,0.03659,515731.0
2026-01-02 19:20:00,0.03657,0.03682,0.03654,0.03676,173680.0
2026-01-02 19:25:00,0.03674,0.03679,0.03659,0.03667,159768.0
2026-01-02 19:30:00,0.03667,0.03673,0.0366,0.03663,170303.0
2026-01-02 19:35:00,0.03663,0.03669,0.0364,0.03647,386668.0
2026-01-02 19:40:00,0.03647,0.03666,0.03644,0.03657,416696.0
2026-01-02 19:45:00,0.03654,0.03662,0.03627,0.03654,353722.0
2026-01-02 19:50:00,0.03648,0.03661,0.03646,0.03661,297328.0
2026-01-02 19:55:00,0.03659,0.03677,0.03652,0.03657,249762.0
2026-01-02 20:00:00,0.03655,0.0367,0.03655,0.03662,222243.0
2026-01-02 20:05:00,0.03663,0.03663,0.03648,0.03653,171669.0
2026-01-02 20:10:00,0.03652,0.03659,0.03641,0.03645,230784.0
2026-01-02 20:15:00,0.03645,0.03655,0.03621,0.03635,568521.0
2026-01-02 20:20:00,0.03636,0.03643,0.0363,0.0363,144197.0
2026-01-02 20:25:00,0.03631,0.03638,0.03587,0.03594,1950276.0
2026-01-02 20:30:00,0.03595,0.036,0.03575,0.03589,606823.0
2026-01-02 20:35:00,0.03589,0.0362,0.03582,0.03606,381609.0
2026-01-02 20:40:00,0.03606,0.03624,0.03606,0.03616,254529.0
2026-01-02 20:45:00,0.03616,0.03619,0.03611,0.03617,88743.0
2026-01-02 20:50:00,0.03619,0.03642,0.03619,0.0364,304438.0
2026-01-02 20:55:00,0.0364,0.03665,0.03634,0.03656,300630.0
2026-01-02 21:00:00,0.03656,0.03676,0.03648,0.03659,336920.0
2026-01-02 21:05:00,0.03658,0.03659,0.0364,0.0365,270111.0
2026-01-02 21:10:00,0.03652,0.0366,0.03652,0.03656,109807.0
2026-01-02 21:15:00,0.03653,0.03659,0.03643,0.0365,89042.0
2026-01-02 21:20:00,0.03651,0.03666,0.0365,0.03656,116806.0
2026-01-02 21:25:00,0.03656,0.03661,0.03641,0.0365,329843.0
2026-01-02 21:30:00,0.0365,0.03654,0.03644,0.03652,107024.0
2026-01-02 21:35:00,0.03652,0.03657,0.03637,0.03653,220079.0
2026-01-02 21:40:00,0.03654,0.03662,0.0364,0.03641,180988.0
2026-01-02 21:45:00,0.03641,0.03649,0.0364,0.03641,109761.0
2026-01-02 21:50:00,0.03641,0.03659,0.03641,0.03644,93873.0
2026-01-02 21:55:00,0.03642,0.03653,0.0363,0.03644,392496.0
2026-01-02 22:00:00,0.03643,0.03646,0.03635,0.0364,262924.0
2026-01-02 22:05:00,0.03639,0.03648,0.03625,0.03628,135368.0
2026-01-02 22:10:00,0.0363,0.03636,0.03618,0.03624,229419.0
2026-01-02 22:15:00,0.03626,0.03634,0.0362,0.03628,83431.0
2026-01-02 22:20:00,0.03628,0.03637,0.03594,0.03606,303706.0
2026-01-02 22:25:00,0.03604,0.03617,0.03594,0.03612,146324.0
2026-01-02 22:30:00,0.03615,0.03621,0.0361,0.03616,137351.0
2026-01-02 22:35:00,0.03618,0.03625,0.03552,0.03599,880234.0
2026-01-02 22:40:00,0.03599,0.03606,0.03591,0.03592,93797.0
2026-01-02 22:45:00,0.03593,0.03609,0.03592,0.03606,69168.0
2026-01-02 22:50:00,0.03607,0.03612,0.03597,0.03597,157077.0
2026-01-02 22:55:00,0.03597,0.03605,0.03588,0.03597,112034.0
2026-01-02 23:00:00,0.03596,0.03598,0.03582,0.03585,90355.0
2026-01-02 23:05:00,0.03585,0.03594,0.03564,0.03568,420791.0
2026-01-02 23:10:00,0.03568,0.03568,0.03545,0.03545,258101.0
2026-01-02 23:15:00,0.03546,0.0355,0.03537,0.0354,236917.0
2026-01-02 23:20:00,0.0354,0.03555,0.03536,0.03538,311219.0
2026-01-02 23:25:00,0.03538,0.03542,0.03526,0.03538,246020.0
2026-01-02 23:30:00,0.03539,0.0354,0.03525,0.03526,224706.0
2026-01-02 23:35:00,0.03524,0.0354,0.03524,0.03537,184568.0
2026-01-02 23:40:00,0.03536,0.03539,0.0353,0.03534,248821.0
2026-01-02 23:45:00,0.03534,0.03534,0.03529,0.03531,66472.0
2026-01-02 23:50:00,0.0353,0.03533,0.03509,0.03516,655104.0
2026-01-02 23:55:00,0.03514,0.03533,0.03514,0.03527,149067.0
2026-01-03 00:00:00,0.03526,0.03527,0.035,0.03512,360541.0
2026-01-03 00:05:00,0.03512,0.0352,0.03505,0.03506,101814.0
2026-01-03 00:10:00,0.03507,0.03519,0.03506,0.0351,154649.0
2026-01-03 00:15:00,0.03512,0.03521,0.03503,0.03503,111014.0
2026-01-03 00:20:00,0.03503,0.03504,0.03493,0.03496,345612.0
2026-01-03 00:25:00,0.03496,0.03498,0.03485,0.03491,196293.0
2026-01-03 00:30:00,0.03491,0.03495,0.03488,0.03492,234954.0
2026-01-03 00:35:00,0.03493,0.03498,0.03476,0.03489,358934.0
2026-01-03 00:40:00,0.0349,0.03502,0.03488,0.03488,168292.0
2026-01-03 00:45:00,0.03486,0.03489,0.03481,0.03482,145362.0
2026-01-03 00:50:00,0.03482,0.03495,0.03477,0.03489,388871.0
2026-01-03 00:55:00,0.03488,0.03513,0.03484,0.03497,344317.0
2026-01-03 01:00:00,0.03497,0.0351,0.03488,0.035,277334.0
2026-01-03 01:05:00,0.03501,0.03511,0.03499,0.03508,145051.0
2026-01-03 01:10:00,0.03508,0.03509,0.03498,0.035,112731.0
2026-01-03 01:15:00,0.03499,0.03502,0.03478,0.0348,307467.0
2026-01-03 01:20:00,0.0348,0.03483,0.0347,0.03471,222288.0
2026-01-03 01:25:00,0.03472,0.03482,0.03471,0.03479,231946.0
2026-01-03 01:30:00,0.0348,0.03483,0.03455,0.03457,648199.0
2026-01-03 01:35:00,0.03458,0.0346,0.03438,0.03453,303444.0
2026-01-03 01:40:00,0.03454,0.03461,0.03449,0.0345,152360.0
2026-01-03 01:45:00,0.03451,0.03459,0.03449,0.03449,161749.0
2026-01-03 01:50:00,0.03449,0.03461,0.03434,0.03453,450571.0
2026-01-03 01:55:00,0.03454,0.03467,0.03442,0.03463,432108.0
2026-01-03 02:00:00,0.03461,0.03464,0.03445,0.03448,465183.0
2026-01-03 02:05:00,0.03449,0.0346,0.0343,0.03446,796022.0
2026-01-03 02:10:00,0.03445,0.0345,0.03441,0.03441,181954.0
2026-01-03 02:15:00,0.03443,0.03444,0.03405,0.03407,1088042.0
2026-01-03 02:20:00,0.03407,0.03417,0.03395,0.03403,824048.0
2026-01-03 02:25:00,0.03405,0.03409,0.03384,0.03391,733301.0
2026-01-03 02:30:00,0.0339,0.03401,0.03383,0.03383,548278.0
2026-01-03 02:35:00,0.03384,0.03391,0.03371,0.03391,1293862.0
2026-01-03 02:40:00,0.03391,0.03404,0.03391,0.03395,752009.0
2026-01-03 02:45:00,0.03395,0.03403,0.0339,0.03394,366087.0
2026-01-03 02:50:00,0.03393,0.03448,0.0339,0.03435,1981307.0
2026-01-03 02:55:00,0.03435,0.03483,0.03416,0.03457,1563761.0
2026-01-03 03:00:00,0.03455,0.03493,0.03443,0.03454,1428909.0
2026-01-03 03:05:00,0.03451,0.03458,0.03421,0.03434,725955.0
2026-01-03 03:10:00,0.03432,0.03472,0.03416,0.03447,917048.0
2026-01-03 03:15:00,0.03446,0.03468,0.0344,0.03462,361423.0
2026-01-03 03:20:00,0.03462,0.03471,0.03453,0.03458,279981.0
2026-01-03 03:25:00,0.03456,0.03471,0.03447,0.03459,650885.0
2026-01-03 03:30:00,0.03459,0.0347,0.03453,0.03457,416163.0
2026-01-03 03:35:00,0.03455,0.03508,0.03454,0.03482,1398702.0
2026-01-03 03:40:00,0.03482,0.03488,0.03462,0.03468,423082.0
2026-01-03 03:45:00,0.03469,0.03485,0.03466,0.03484,456403.0
2026-01-03 03:50:00,0.03485,0.03503,0.03482,0.03486,342759.0
2026-01-03 03:55:00,0.03486,0.03494,0.03468,0.03479,602486.0
2026-01-03 04:00:00,0.03476,0.03488,0.03468,0.0347,278959.0
2026-01-03 04:05:00,0.03469,0.0348,0.03468,0.03472,154492.0
2026-01-03 04:10:00,0.03471,0.03482,0.0346,0.03475,229938.0
2026-01-03 04:15:00,0.03475,0.03479,0.03441,0.03461,448079.0
2026-01-03 04:20:00,0.0346,0.03467,0.03457,0.03462,165997.0
2026-01-03 04:25:00,0.03463,0.03476,0.03461,0.03473,188065.0
2026-01-03 04:30:00,0.03474,0.03474,0.03455,0.03465,186912.0
2026-01-03 04:35:00,0.03464,0.03464,0.03451,0.03451,238844.0
2026-01-03 04:40:00,0.03451,0.03457,0.0344,0.03446,437425.0
2026-01-03 04:45:00,0.03446,0.03464,0.03445,0.03462,208856.0
2026-01-03 04:50:00,0.03463,0.03506,0.03462,0.03498,586011.0
2026-01-03 04:55:00,0.03498,0.03501,0.03472,0.03478,1053444.0
2026-01-03 05:00:00,0.03479,0.03488,0.03476,0.0348,210366.0
2026-01-03 05:05:00,0.0348,0.03491,0.03474,0.03476,334267.0
2026-01-03 05:10:00,0.03476,0.03478,0.03465,0.03473,164784.0
2026-01-03 05:15:00,0.03472,0.03475,0.03463,0.03463,213630.0
2026-01-03 05:20:00,0.03464,0.0347,0.0345,0.03468,104323.0
2026-01-03 05:25:00,0.03468,0.03474,0.03467,0.03468,60714.0
2026-01-03 05:30:00,0.03468,0.0348,0.03462,0.03471,165191.0
2026-01-03 05:35:00,0.03476,0.03479,0.03467,0.0347,151129.0
2026-01-03 05:40:00,0.03469,0.03478,0.03469,0.03472,152905.0
2026-01-03 05:45:00,0.03472,0.0348,0.03451,0.03453,306722.0
2026-01-03 05:50:00,0.03453,0.03472,0.03451,0.03464,120045.0
2026-01-03 05:55:00,0.03465,0.03474,0.03464,0.03474,51515.0
2026-01-03 06:00:00,0.03474,0.03483,0.03473,0.03482,188771.0
2026-01-03 06:05:00,0.03481,0.0349,0.03475,0.0349,92246.0
2026-01-03 06:10:00,0.03491,0.03495,0.03479,0.03483,215045.0
2026-01-03 06:15:00,0.03485,0.03489,0.03478,0.0348,119521.0
2026-01-03 06:20:00,0.03479,0.03481,0.03475,0.03478,104329.0
2026-01-03 06:25:00,0.03479,0.03481,0.03471,0.03473,84577.0
2026-01-03 06:30:00,0.03474,0.03481,0.0347,0.0347,96724.0
2026-01-03 06:35:00,0.03469,0.03591,0.0346,0.03518,4237374.0
2026-01-03 06:40:00,0.03517,0.03522,0.03493,0.03494,556294.0
2026-01-03 06:45:00,0.03494,0.0353,0.03493,0.0351,860710.0
2026-01-03 06:50:00,0.0351,0.03527,0.03506,0.03526,379944.0
2026-01-03 06:55:00,0.03526,0.03548,0.03519,0.03521,642629.0
2026-01-03 07:00:00,0.03521,0.03527,0.03491,0.03508,1380664.0
2026-01-03 07:05:00,0.03507,0.03513,0.03486,0.03488,295611.0
2026-01-03 07:10:00,0.03487,0.03495,0.03483,0.03483,227381.0
2026-01-03 07:15:00,0.03483,0.03497,0.03474,0.03478,360338.0
2026-01-03 07:20:00,0.03478,0.03484,0.03456,0.03467,756897.0
2026-01-03 07:25:00,0.03466,0.03473,0.03462,0.03471,191396.0
2026-01-03 07:30:00,0.03471,0.03483,0.03465,0.03476,339538.0
2026-01-03 07:35:00,0.03477,0.03503,0.03477,0.0349,392525.0
2026-01-03 07:40:00,0.0349,0.035,0.0349,0.03499,135276.0
2026-01-03 07:45:00,0.03499,0.035,0.03477,0.03485,296618.0
2026-01-03 07:50:00,0.03483,0.03492,0.03481,0.03487,69292.0
2026-01-03 07:55:00,0.03487,0.0349,0.03483,0.0349,100509.0
2026-01-03 08:00:00,0.03491,0.03501,0.03488,0.03493,105103.0
2026-01-03 08:05:00,0.03494,0.03517,0.03494,0.03517,226101.0
2026-01-03 08:10:00,0.03518,0.0352,0.03503,0.03508,175121.0
2026-01-03 08:15:00,0.03507,0.03546,0.03507,0.03531,896879.0
2026-01-03 08:20:00,0.03531,0.03545,0.03527,0.03545,285662.0
2026-01-03 08:25:00,0.03545,0.03545,0.03528,0.03539,324542.0
2026-01-03 08:30:00,0.03539,0.03546,0.03508,0.03523,610105.0
2026-01-03 08:35:00,0.03523,0.03527,0.03513,0.03526,178130.0
2026-01-03 08:40:00,0.03525,0.03533,0.0352,0.03526,296172.0
2026-01-03 08:45:00,0.03526,0.03545,0.03522,0.03537,264663.0
2026-01-03 08:50:00,0.03537,0.03541,0.03517,0.03523,751744.0
2026-01-03 08:55:00,0.03521,0.03521,0.03504,0.03517,173991.0
2026-01-03 09:00:00,0.03516,0.0354,0.03513,0.03537,317653.0
2026-01-03 09:05:00,0.03536,0.03536,0.03517,0.03519,141391.0
2026-01-03 09:10:00,0.03518,0.0353,0.03518,0.03526,89026.0
2026-01-03 09:15:00,0.03528,0.03533,0.03521,0.03523,64092.0
2026-01-03 09:20:00,0.03525,0.0355,0.03525,0.03548,241556.0
2026-01-03 09:25:00,0.03549,0.03552,0.03505,0.0351,866412.0
2026-01-03 09:30:00,0.03511,0.03532,0.0351,0.03522,193598.0
2026-01-03 09:35:00,0.03523,0.03541,0.03516,0.03532,311027.0
2026-01-03 09:40:00,0.03533,0.03544,0.03526,0.03541,308309.0
2026-01-03 09:45:00,0.03542,0.03546,0.03538,0.03538,123404.0
2026-01-03 09:50:00,0.03537,0.03543,0.03515,0.03519,475106.0
2026-01-03 09:55:00,0.03519,0.03526,0.035,0.03506,554805.0
2026-01-03 10:00:00,0.03505,0.03511,0.03494,0.03511,336316.0
2026-01-03 10:05:00,0.03511,0.03518,0.03502,0.03513,198267.0
2026-01-03 10:10:00,0.03514,0.03526,0.03514,0.03517,159085.0
2026-01-03 10:15:00,0.03517,0.03518,0.03505,0.03508,131693.0
2026-01-03 10:20:00,0.03507,0.03512,0.03483,0.03496,353992.0
2026-01-03 10:25:00,0.03496,0.03509,0.03495,0.03509,96417.0
2026-01-03 10:30:00,0.0351,0.03514,0.035,0.03502,136770.0
2026-01-03 10:35:00,0.03502,0.03512,0.03502,0.03504,134668.0
2026-01-03 10:40:00,0.03503,0.03508,0.03503,0.03504,68748.0
2026-01-03 10:45:00,0.03506,0.03511,0.035,0.03504,139624.0
2026-01-03 10:50:00,0.03505,0.03512,0.03503,0.03507,83170.0
2026-01-03 10:55:00,0.03507,0.03507,0.03491,0.03502,175787.0
2026-01-03 11:00:00,0.03499,0.03546,0.03499,0.03546,869667.0
2026-01-03 11:05:00,0.03546,0.03548,0.03529,0.03538,244117.0
2026-01-03 11:10:00,0.03537,0.03537,0.03529,0.03534,112949.0
2026-01-03 11:15:00,0.03532,0.03532,0.03521,0.03523,161503.0
2026-01-03 11:20:00,0.03524,0.03526,0.03515,0.03522,94653.0
2026-01-03 11:25:00,0.03523,0.03531,0.03516,0.03525,92804.0
2026-01-03 11:30:00,0.03526,0.03526,0.03517,0.03517,59633.0
2026-01-03 11:35:00,0.03517,0.03525,0.03517,0.03521,47865.0
2026-01-03 11:40:00,0.03522,0.03533,0.03511,0.0352,436728.0
2026-01-03 11:45:00,0.03522,0.03533,0.03506,0.0352,400636.0
2026-01-03 11:50:00,0.0352,0.03548,0.03517,0.03528,416076.0
2026-01-03 11:55:00,0.03527,0.03541,0.03521,0.03539,200514.0
2026-01-03 12:00:00,0.0354,0.03543,0.03527,0.03534,379542.0
2026-01-03 12:05:00,0.03535,0.03541,0.03533,0.0354,50460.0
2026-01-03 12:10:00,0.0354,0.03543,0.03533,0.03535,80669.0
2026-01-03 12:15:00,0.03534,0.03538,0.0353,0.03532,71658.0
2026-01-03 12:20:00,0.03532,0.03538,0.0353,0.03533,57366.0
2026-01-03 12:25:00,0.03533,0.03534,0.03522,0.03525,157282.0
2026-01-03 12:30:00,0.03525,0.03529,0.03504,0.03515,133560.0
2026-01-03 12:35:00,0.03514,0.03527,0.03509,0.03513,292747.0
2026-01-03 12:40:00,0.03514,0.03527,0.03514,0.03518,278464.0
2026-01-03 12:45:00,0.03518,0.03531,0.03513,0.03526,193541.0
2026-01-03 12:50:00,0.03526,0.03529,0.03517,0.0352,90742.0
2026-01-03 12:55:00,0.03521,0.03525,0.03518,0.03524,106229.0
2026-01-03 13:00:00,0.03524,0.03526,0.03517,0.03521,188456.0
2026-01-03 13:05:00,0.0352,0.03521,0.03512,0.03521,167431.0
2026-01-03 13:10:00,0.03519,0.03522,0.03517,0.03517,95927.0
2026-01-03 13:15:00,0.03517,0.03527,0.03517,0.03527,55555.0
2026-01-03 13:20:00,0.03527,0.03529,0.03524,0.03529,56486.0
2026-01-03 13:25:00,0.03529,0.03533,0.03522,0.03522,139334.0
2026-01-03 13:30:00,0.03522,0.03537,0.03521,0.03532,251941.0
2026-01-03 13:35:00,0.03531,0.03537,0.03531,0.03537,45646.0
2026-01-03 13:40:00,0.03536,0.03538,0.0353,0.03531,95008.0
2026-01-03 13:45:00,0.03529,0.03531,0.03528,0.03529,34444.0
2026-01-03 13:50:00,0.0353,0.03531,0.03529,0.03529,20569.0
2026-01-03 13:55:00,0.03529,0.0354,0.03526,0.03537,105380.0
2026-01-03 14:00:00,0.03536,0.03542,0.03532,0.03538,325632.0
2026-01-03 14:05:00,0.03538,0.03539,0.03525,0.03537,148331.0
2026-01-03 14:10:00,0.03537,0.03566,0.03522,0.03558,692716.0
2026-01-03 14:15:00,0.03559,0.03564,0.03544,0.03548,469504.0
2026-01-03 14:20:00,0.03548,0.03549,0.03525,0.03535,279532.0
2026-01-03 14:25:00,0.03533,0.03538,0.03531,0.03536,99822.0
2026-01-03 14:30:00,0.03535,0.03535,0.03515,0.03517,263251.0
2026-01-03 14:35:00,0.03517,0.03522,0.03509,0.03512,392918.0
2026-01-03 14:40:00,0.03512,0.03528,0.03512,0.03524,207163.0
2026-01-03 14:45:00,0.03524,0.03541,0.03523,0.03531,148608.0
2026-01-03 14:50:00,0.0353,0.03535,0.03491,0.03501,622551.0
2026-01-03 14:55:00,0.03499,0.03501,0.03491,0.035,122203.0
2026-01-03 15:00:00,0.035,0.03516,0.03497,0.03513,206288.0
2026-01-03 15:05:00,0.03512,0.03515,0.03486,0.0349,210198.0
2026-01-03 15:10:00,0.03487,0.03502,0.0347,0.03495,506122.0
2026-01-03 15:15:00,0.03494,0.03499,0.03492,0.03497,70582.0
2026-01-03 15:20:00,0.03498,0.03509,0.03496,0.03506,161665.0
2026-01-03 15:25:00,0.03505,0.03508,0.03501,0.03502,113685.0
2026-01-03 15:30:00,0.03503,0.03514,0.03497,0.03503,233832.0
2026-01-03 15:35:00,0.03503,0.03507,0.03491,0.03496,335160.0
2026-01-03 15:40:00,0.03495,0.03512,0.0349,0.03509,116989.0
2026-01-03 15:45:00,0.03509,0.03525,0.03509,0.03519,328903.0
2026-01-03 15:50:00,0.03518,0.0352,0.03506,0.03511,226721.0
2026-01-03 15:55:00,0.0351,0.03526,0.03507,0.03526,291874.0
2026-01-03 16:00:00,0.03525,0.03532,0.03507,0.03527,247035.0
2026-01-03 16:05:00,0.03529,0.03543,0.0352,0.03526,445285.0
2026-01-03 16:10:00,0.03526,0.03531,0.03521,0.03524,95828.0
2026-01-03 16:15:00,0.03523,0.03526,0.03518,0.03521,91077.0
2026-01-03 16:20:00,0.0352,0.03535,0.03515,0.0352,480112.0
2026-01-03 16:25:00,0.03517,0.03519,0.03501,0.03507,268767.0
2026-01-03 16:30:00,0.03508,0.03519,0.03504,0.03519,320758.0
2026-01-03 16:35:00,0.0352,0.03526,0.03517,0.03524,184009.0
2026-01-03 16:40:00,0.03525,0.03536,0.03509,0.03518,388962.0
2026-01-03 16:45:00,0.0352,0.03523,0.03517,0.03523,49325.0
2026-01-03 16:50:00,0.03521,0.0354,0.03521,0.03533,91918.0
2026-01-03 16:55:00,0.03533,0.03536,0.03523,0.03532,272626.0
2026-01-03 17:00:00,0.03532,0.03558,0.0353,0.03546,419361.0
2026-01-03 17:05:00,0.03545,0.03553,0.03542,0.03551,97150.0
2026-01-03 17:10:00,0.03552,0.03558,0.03546,0.03556,100452.0
2026-01-03 17:15:00,0.03556,0.03562,0.03542,0.03547,291339.0
2026-01-03 17:20:00,0.03546,0.03551,0.03518,0.03528,216092.0
2026-01-03 17:25:00,0.03529,0.03537,0.03522,0.0353,308578.0
2026-01-03 17:30:00,0.0353,0.03538,0.03528,0.03538,64258.0
2026-01-03 17:35:00,0.03538,0.03546,0.03531,0.03546,133780.0
2026-01-03 17:40:00,0.03546,0.03552,0.03539,0.03541,157077.0
2026-01-03 17:45:00,0.03541,0.03553,0.03538,0.03553,77856.0
2026-01-03 17:50:00,0.03554,0.03561,0.03544,0.03552,223762.0
2026-01-03 17:55:00,0.03553,0.03553,0.03536,0.0355,237575.0
2026-01-03 18:00:00,0.0355,0.03555,0.03543,0.03547,198487.0
2026-01-03 18:05:00,0.03547,0.03552,0.03538,0.03545,180462.0
2026-01-03 18:10:00,0.03547,0.03554,0.03546,0.03548,160297.0
2026-01-03 18:15:00,0.03548,0.03557,0.03546,0.03552,157060.0
2026-01-03 18:20:00,0.03552,0.03556,0.03552,0.03552,54355.0
2026-01-03 18:25:00,0.03551,0.03555,0.03547,0.03552,99511.0
2026-01-03 18:30:00,0.0355,0.03558,0.03549,0.03555,229021.0
2026-01-03 18:35:00,0.03554,0.03557,0.0355,0.03557,139253.0
2026-01-03 18:40:00,0.03557,0.03558,0.03549,0.03551,123631.0
2026-01-03 18:45:00,0.03554,0.0358,0.03543,0.03575,377336.0
2026-01-03 18:50:00,0.03577,0.0358,0.03562,0.03563,316824.0
2026-01-03 18:55:00,0.03562,0.03576,0.03559,0.03573,325857.0
2026-01-03 19:00:00,0.03573,0.0358,0.03563,0.03579,321326.0
2026-01-03 19:05:00,0.03579,0.03586,0.03576,0.03576,235687.0
2026-01-03 19:10:00,0.03575,0.03585,0.03569,0.03573,245585.0
2026-01-03 19:15:00,0.03572,0.0358,0.03572,0.03579,97231.0
2026-01-03 19:20:00,0.03579,0.03585,0.03578,0.03583,69510.0
2026-01-03 19:25:00,0.03583,0.03585,0.03583,0.03584,49489.0
2026-01-03 19:30:00,0.03583,0.03584,0.03567,0.03575,255319.0
2026-01-03 19:35:00,0.03576,0.03582,0.03572,0.0358,94490.0
2026-01-03 19:40:00,0.0358,0.03588,0.0358,0.03583,115924.0
2026-01-03 19:45:00,0.03584,0.03594,0.03584,0.03591,120457.0
2026-01-03 19:50:00,0.0359,0.03603,0.0359,0.03595,200147.0
2026-01-03 19:55:00,0.03594,0.0362,0.03594,0.03615,261032.0
2026-01-03 20:00:00,0.03616,0.03629,0.03603,0.03614,1068832.0
2026-01-03 20:05:00,0.03612,0.03612,0.03589,0.03608,279840.0
2026-01-03 20:10:00,0.03609,0.03644,0.03601,0.03639,320951.0
2026-01-03 20:15:00,0.03636,0.03654,0.03633,0.0365,359836.0
2026-01-03 20:20:00,0.03649,0.03651,0.03632,0.03643,239005.0
2026-01-03 20:25:00,0.03643,0.03652,0.03639,0.03645,152785.0
2026-01-03 20:30:00,0.03645,0.03658,0.03636,0.03651,487536.0
2026-01-03 20:35:00,0.03651,0.03675,0.03648,0.03675,353305.0
2026-01-03 20:40:00,0.03675,0.03679,0.03633,0.03643,985360.0
2026-01-03 20:45:00,0.03642,0.03662,0.03642,0.03653,177422.0
2026-01-03 20:50:00,0.03654,0.03668,0.03631,0.03668,348269.0
2026-01-03 20:55:00,0.03667,0.03681,0.03654,0.03662,752209.0
2026-01-03 21:00:00,0.03663,0.0368,0.03661,0.03674,726412.0
2026-01-03 21:05:00,0.03674,0.03683,0.03673,0.03683,228110.0
2026-01-03 21:10:00,0.03682,0.03693,0.03641,0.03649,1297411.0
2026-01-03 21:15:00,0.03648,0.03661,0.03634,0.03634,495284.0
2026-01-03 21:20:00,0.03635,0.03649,0.03635,0.03649,105532.0
2026-01-03 21:25:00,0.03649,0.03652,0.03629,0.03639,183685.0
2026-01-03 21:30:00,0.03639,0.03641,0.03606,0.0362,780041.0
2026-01-03 21:35:00,0.0362,0.03628,0.03614,0.03621,164201.0
2026-01-03 21:40:00,0.03617,0.03624,0.03611,0.03624,126266.0
2026-01-03 21:45:00,0.03625,0.03633,0.03623,0.0363,154350.0
2026-01-03 21:50:00,0.0363,0.03633,0.03595,0.03599,303421.0
2026-01-03 21:55:00,0.03598,0.03604,0.03591,0.036,249483.0
2026-01-03 22:00:00,0.036,0.03601,0.0356,0.03563,767752.0
2026-01-03 22:05:00,0.03563,0.03564,0.03532,0.03546,721516.0
2026-01-03 22:10:00,0.03546,0.03551,0.03506,0.03516,572521.0
2026-01-03 22:15:00,0.03517,0.03522,0.03505,0.0351,399779.0
2026-01-03 22:20:00,0.03511,0.03529,0.03506,0.03516,244001.0
2026-01-03 22:25:00,0.03517,0.03517,0.035,0.035,363140.0
2026-01-03 22:30:00,0.03501,0.03504,0.0349,0.03491,574510.0
2026-01-03 22:35:00,0.03489,0.03492,0.03481,0.03482,579362.0
2026-01-03 22:40:00,0.03483,0.03484,0.0347,0.03481,424043.0
2026-01-03 22:45:00,0.03481,0.03488,0.0347,0.03479,661892.0
2026-01-03 22:50:00,0.03479,0.03491,0.03479,0.0348,183887.0
2026-01-03 22:55:00,0.0348,0.03483,0.03477,0.03483,181887.0
2026-01-03 23:00:00,0.03483,0.03492,0.03474,0.03479,402963.0
2026-01-03 23:05:00,0.0348,0.03611,0.0348,0.03587,3046712.0
2026-01-03 23:10:00,0.03586,0.03652,0.03563,0.03618,1754814.0
2026-01-03 23:15:00,0.03617,0.03654,0.03617,0.03639,1348130.0
2026-01-03 23:20:00,0.03642,0.03646,0.03609,0.03618,474444.0
2026-01-03 23:25:00,0.03617,0.03618,0.03577,0.036,834033.0
2026-01-03 23:30:00,0.036,0.03609,0.03586,0.03606,407834.0
2026-01-03 23:35:00,0.03605,0.03607,0.03591,0.036,372669.0
2026-01-03 23:40:00,0.03601,0.03625,0.03598,0.03621,185730.0
2026-01-03 23:45:00,0.03619,0.03621,0.0358,0.03598,812693.0
2026-01-03 23:50:00,0.03598,0.03616,0.03597,0.03601,330009.0
2026-01-03 23:55:00,0.036,0.03603,0.03573,0.03588,422922.0
2026-01-04 00:00:00,0.03588,0.036,0.03551,0.03558,543487.0
2026-01-04 00:05:00,0.03557,0.03623,0.03552,0.03583,1189656.0
2026-01-04 00:10:00,0.03582,0.03589,0.03575,0.03584,147796.0
2026-01-04 00:15:00,0.03585,0.0359,0.03546,0.03548,385463.0
2026-01-04 00:20:00,0.0355,0.03552,0.03514,0.03525,502928.0
2026-01-04 00:25:00,0.03524,0.0356,0.03524,0.03555,263483.0
2026-01-04 00:30:00,0.03555,0.03601,0.03555,0.0358,630190.0
2026-01-04 00:35:00,0.03582,0.03583,0.03553,0.0356,584986.0
2026-01-04 00:40:00,0.0356,0.03563,0.03543,0.03559,229847.0
2026-01-04 00:45:00,0.03558,0.03567,0.03536,0.03549,398137.0
2026-01-04 00:50:00,0.03549,0.03555,0.03539,0.03543,126484.0
2026-01-04 00:55:00,0.03543,0.03556,0.03539,0.03551,216597.0
2026-01-04 01:00:00,0.03552,0.03562,0.03551,0.03556,160207.0
2026-01-04 01:05:00,0.03556,0.03557,0.03498,0.03519,1399203.0
2026-01-04 01:10:00,0.03518,0.03521,0.03512,0.03521,144620.0
2026-01-04 01:15:00,0.0352,0.03661,0.03517,0.03628,3622474.0
2026-01-04 01:20:00,0.03625,0.03627,0.0359,0.03611,1149372.0
2026-01-04 01:25:00,0.03608,0.03612,0.03598,0.03602,382749.0
2026-01-04 01:30:00,0.03604,0.0362,0.03587,0.03601,685808.0
2026-01-04 01:35:00,0.03603,0.03626,0.03589,0.03622,296006.0
2026-01-04 01:40:00,0.03622,0.03649,0.03611,0.03645,382787.0
2026-01-04 01:45:00,0.03648,0.03654,0.03632,0.03646,393558.0
2026-01-04 01:50:00,0.03644,0.03691,0.03643,0.03687,1215650.0
2026-01-04 01:55:00,0.0369,0.03724,0.03661,0.03718,1903707.0
2026-01-04 02:00:00,0.03717,0.03756,0.03714,0.03734,1932401.0
2026-01-04 02:05:00,0.03735,0.03735,0.03598,0.03644,3525314.0
2026-01-04 02:10:00,0.03646,0.03685,0.03624,0.03646,1451642.0
2026-01-04 02:15:00,0.03648,0.03663,0.0362,0.03649,626006.0
2026-01-04 02:20:00,0.0365,0.03654,0.0363,0.03632,407127.0
2026-01-04 02:25:00,0.03631,0.03649,0.03615,0.03632,495615.0
2026-01-04 02:30:00,0.03632,0.03652,0.03632,0.0364,316368.0
2026-01-04 02:35:00,0.0364,0.03658,0.0364,0.03649,234692.0
2026-01-04 02:40:00,0.03648,0.0366,0.03646,0.03652,105914.0
2026-01-04 02:45:00,0.03653,0.03657,0.03647,0.0365,136574.0
2026-01-04 02:50:00,0.0365,0.03673,0.03648,0.03672,260389.0
2026-01-04 02:55:00,0.03672,0.03681,0.0364,0.03641,457090.0
2026-01-04 03:00:00,0.03643,0.03652,0.0363,0.03635,401047.0
2026-01-04 03:05:00,0.03633,0.03649,0.03627,0.03647,302815.0
2026-01-04 03:10:00,0.03645,0.0365,0.0363,0.03633,169286.0
2026-01-04 03:15:00,0.03633,0.03653,0.03624,0.03638,473461.0
2026-01-04 03:20:00,0.03637,0.0366,0.03632,0.03659,285940.0
2026-01-04 03:25:00,0.03659,0.0366,0.03642,0.03648,161266.0
2026-01-04 03:30:00,0.0365,0.03674,0.03646,0.03659,485035.0
2026-01-04 03:35:00,0.03659,0.03676,0.03651,0.03658,528815.0
2026-01-04 03:40:00,0.03657,0.03674,0.03653,0.03662,362443.0
2026-01-04 03:45:00,0.03661,0.03665,0.03655,0.03661,292305.0
2026-01-04 03:50:00,0.0366,0.03677,0.03639,0.03639,553469.0
2026-01-04 03:55:00,0.03641,0.03647,0.03635,0.03643,138469.0
2026-01-04 04:00:00,0.03643,0.03683,0.03643,0.03656,805288.0
2026-01-04 04:05:00,0.03657,0.03684,0.03655,0.03677,247536.0
2026-01-04 04:10:00,0.03675,0.037,0.03675,0.03682,1096170.0
2026-01-04 04:15:00,0.0368,0.03684,0.03658,0.03684,781974.0
2026-01-04 04:20:00,0.03682,0.03698,0.03666,0.03696,240640.0
2026-01-04 04:25:00,0.03696,0.03712,0.03692,0.03708,397333.0
2026-01-04 04:30:00,0.03709,0.03721,0.03707,0.03717,508776.0
2026-01-04 04:35:00,0.03716,0.03717,0.03693,0.03696,243532.0
2026-01-04 04:40:00,0.03696,0.03725,0.03696,0.03722,265210.0
2026-01-04 04:45:00,0.03721,0.03725,0.03707,0.03719,209650.0
2026-01-04 04:50:00,0.03716,0.03716,0.03672,0.037,758942.0
2026-01-04 04:55:00,0.037,0.03843,0.03698,0.03819,4257095.0
2026-01-04 05:00:00,0.0382,0.03907,0.03755,0.03814,5920752.0
2026-01-04 05:05:00,0.0381,0.03829,0.03738,0.0381,2058847.0
2026-01-04 05:10:00,0.03813,0.03822,0.03767,0.03772,862980.0
2026-01-04 05:15:00,0.03772,0.03772,0.03743,0.03756,570918.0
2026-01-04 05:20:00,0.03753,0.03757,0.03727,0.03739,662448.0
2026-01-04 05:25:00,0.03736,0.03773,0.03736,0.03758,788216.0
2026-01-04 05:30:00,0.03758,0.03762,0.03749,0.03753,256730.0
2026-01-04 05:35:00,0.03753,0.03783,0.03749,0.03753,854415.0
2026-01-04 05:40:00,0.03751,0.0377,0.03731,0.03733,399233.0
2026-01-04 05:45:00,0.03734,0.03753,0.03734,0.03737,329197.0
2026-01-04 05:50:00,0.03738,0.03758,0.03737,0.03743,425497.0
2026-01-04 05:55:00,0.03743,0.03744,0.03704,0.03716,890580.0
2026-01-04 06:00:00,0.03716,0.03731,0.03669,0.03675,1019088.0
2026-01-04 06:05:00,0.03672,0.0369,0.03655,0.03658,763202.0
2026-01-04 06:10:00,0.03659,0.03662,0.03623,0.03633,1134800.0
2026-01-04 06:15:00,0.03631,0.03649,0.03627,0.03641,859261.0
2026-01-04 06:20:00,0.03636,0.03644,0.03612,0.03637,703777.0
2026-01-04 06:25:00,0.03638,0.03646,0.03629,0.03632,259208.0
2026-01-04 06:30:00,0.03631,0.03652,0.03624,0.03634,507515.0
2026-01-04 06:35:00,0.03632,0.03657,0.03631,0.03638,346564.0
2026-01-04 06:40:00,0.03638,0.0365,0.03628,0.03631,484921.0
2026-01-04 06:45:00,0.03632,0.03656,0.03629,0.03648,323366.0
2026-01-04 06:50:00,0.03649,0.03689,0.03649,0.03671,555055.0
2026-01-04 06:55:00,0.03669,0.03685,0.03653,0.03653,285278.0
2026-01-04 07:00:00,0.03658,0.0367,0.03654,0.03665,177395.0
2026-01-04 07:05:00,0.03665,0.03665,0.03638,0.03641,279256.0
2026-01-04 07:10:00,0.03642,0.03662,0.03633,0.03662,228311.0
2026-01-04 07:15:00,0.03662,0.03663,0.03649,0.03655,169990.0
2026-01-04 07:20:00,0.03657,0.03661,0.03649,0.03654,65812.0
2026-01-04 07:25:00,0.03654,0.03654,0.03565,0.03612,1687983.0
2026-01-04 07:30:00,0.03614,0.03632,0.03613,0.03631,232549.0
2026-01-04 07:35:00,0.03631,0.03634,0.03626,0.03631,66810.0
2026-01-04 07:40:00,0.0363,0.03633,0.03607,0.03622,377742.0
2026-01-04 07:45:00,0.03624,0.03624,0.03573,0.03593,536257.0
2026-01-04 07:50:00,0.03595,0.03606,0.03595,0.03596,143796.0
2026-01-04 07:55:00,0.03596,0.03605,0.03593,0.036,83440.0
2026-01-04 08:00:00,0.036,0.03614,0.03583,0.03592,388661.0
2026-01-04 08:05:00,0.03594,0.03603,0.03587,0.03591,131369.0
2026-01-04 08:10:00,0.03592,0.03606,0.03574,0.03602,481530.0
2026-01-04 08:15:00,0.03599,0.03599,0.03583,0.03586,178176.0
2026-01-04 08:20:00,0.03585,0.03599,0.03567,0.03579,445157.0
2026-01-04 08:25:00,0.03579,0.03594,0.03572,0.03583,214903.0
2026-01-04 08:30:00,0.03584,0.03586,0.03559,0.03573,625130.0
2026-01-04 08:35:00,0.03572,0.03579,0.03562,0.03571,218864.0
2026-01-04 08:40:00,0.03571,0.03576,0.03559,0.03576,356809.0
2026-01-04 08:45:00,0.03574,0.03574,0.03547,0.03551,756552.0
2026-01-04 08:50:00,0.03551,0.03552,0.03533,0.03541,522350.0
2026-01-04 08:55:00,0.03542,0.03572,0.03542,0.03564,639502.0
2026-01-04 09:00:00,0.03564,0.03564,0.0355,0.03555,278871.0
2026-01-04 09:05:00,0.03552,0.03561,0.03537,0.03547,539780.0
2026-01-04 09:10:00,0.03549,0.03556,0.03506,0.03512,987628.0
2026-01-04 09:15:00,0.03514,0.03528,0.03504,0.0352,977512.0
2026-01-04 09:20:00,0.0352,0.03542,0.03516,0.03539,349250.0
2026-01-04 09:25:00,0.03536,0.03547,0.03524,0.03541,667167.0
2026-01-04 09:30:00,0.03541,0.03548,0.03525,0.03527,463719.0
2026-01-04 09:35:00,0.03529,0.03543,0.03527,0.03534,517062.0
2026-01-04 09:40:00,0.03535,0.03562,0.03532,0.03547,334871.0
2026-01-04 09:45:00,0.03548,0.03573,0.03545,0.03569,597489.0
2026-01-04 09:50:00,0.03568,0.03573,0.03553,0.03559,435450.0
2026-01-04 09:55:00,0.0356,0.0356,0.03535,0.03537,370285.0
2026-01-04 10:00:00,0.03537,0.03559,0.03536,0.03558,227040.0
2026-01-04 10:05:00,0.03555,0.03558,0.03549,0.03552,157814.0
2026-01-04 10:10:00,0.03551,0.03552,0.03544,0.03548,390766.0
2026-01-04 10:15:00,0.03549,0.03559,0.03545,0.03558,148327.0
2026-01-04 10:20:00,0.03558,0.03575,0.0355,0.03557,504299.0
2026-01-04 10:25:00,0.03557,0.03576,0.03536,0.03552,1051318.0
2026-01-04 10:30:00,0.03549,0.03554,0.03536,0.03542,139509.0
2026-01-04 10:35:00,0.03541,0.03546,0.03539,0.0354,116314.0
2026-01-04 10:40:00,0.03542,0.03547,0.03539,0.03539,195283.0
2026-01-04 10:45:00,0.03541,0.03543,0.03536,0.03539,89056.0
2026-01-04 10:50:00,0.03539,0.03556,0.03537,0.03552,312894.0
2026-01-04 10:55:00,0.03551,0.03556,0.03543,0.03544,122054.0
2026-01-04 11:00:00,0.03545,0.03553,0.0354,0.03553,145267.0
2026-01-04 11:05:00,0.03551,0.03554,0.03549,0.03549,74593.0
2026-01-04 11:10:00,0.03549,0.03553,0.03545,0.0355,107098.0
2026-01-04 11:15:00,0.03549,0.03602,0.03544,0.03581,1197141.0
2026-01-04 11:20:00,0.03581,0.0359,0.03573,0.03574,240845.0
2026-01-04 11:25:00,0.03574,0.03612,0.03573,0.03603,358480.0
2026-01-04 11:30:00,0.03604,0.0361,0.03591,0.03591,303166.0
2026-01-04 11:35:00,0.03591,0.03592,0.03559,0.03565,305991.0
2026-01-04 11:40:00,0.03564,0.03602,0.03564,0.03589,832854.0
2026-01-04 11:45:00,0.03591,0.03591,0.03541,0.03558,836447.0
2026-01-04 11:50:00,0.03558,0.03566,0.03558,0.03566,55364.0
2026-01-04 11:55:00,0.03567,0.03572,0.03559,0.03566,203879.0
2026-01-04 12:00:00,0.03564,0.03577,0.03562,0.03575,259373.0
2026-01-04 12:05:00,0.03574,0.03594,0.03569,0.03594,192407.0
2026-01-04 12:10:00,0.03595,0.03612,0.03589,0.03609,336290.0
2026-01-04 12:15:00,0.03611,0.03611,0.03588,0.03592,164086.0
2026-01-04 12:20:00,0.03596,0.03617,0.03593,0.03602,305880.0
2026-01-04 12:25:00,0.03601,0.03608,0.036,0.03601,123715.0
2026-01-04 12:30:00,0.03602,0.03609,0.03595,0.03609,254168.0
2026-01-04 12:35:00,0.03611,0.03618,0.03602,0.03612,140404.0
2026-01-04 12:40:00,0.03611,0.03619,0.03609,0.03609,180085.0
2026-01-04 12:45:00,0.0361,0.03629,0.0361,0.03615,281501.0
2026-01-04 12:50:00,0.03615,0.03621,0.03602,0.03605,518087.0
2026-01-04 12:55:00,0.03607,0.03608,0.036,0.03606,135708.0
2026-01-04 13:00:00,0.03608,0.03614,0.03601,0.03609,261971.0
2026-01-04 13:05:00,0.03611,0.03631,0.03604,0.03626,284350.0
2026-01-04 13:10:00,0.0363,0.03638,0.03601,0.03609,236019.0
2026-01-04 13:15:00,0.03609,0.0362,0.03588,0.03598,831381.0
2026-01-04 13:20:00,0.03598,0.03631,0.03598,0.0363,215130.0
2026-01-04 13:25:00,0.03632,0.03632,0.03614,0.03618,93942.0
2026-01-04 13:30:00,0.03618,0.03647,0.03613,0.03625,517973.0
2026-01-04 13:35:00,0.03626,0.03626,0.03611,0.03612,130846.0
2026-01-04 13:40:00,0.03612,0.03615,0.03587,0.03596,351092.0
2026-01-04 13:45:00,0.03596,0.036,0.03588,0.0359,121648.0
2026-01-04 13:50:00,0.03592,0.03592,0.03575,0.03583,265076.0
2026-01-04 13:55:00,0.03586,0.03592,0.03582,0.0359,84821.0
2026-01-04 14:00:00,0.0359,0.03596,0.03579,0.03593,245790.0
2026-01-04 14:05:00,0.03593,0.03604,0.03592,0.036,86625.0
2026-01-04 14:10:00,0.03599,0.03621,0.03592,0.03613,783188.0
2026-01-04 14:15:00,0.03615,0.03617,0.03593,0.03595,155431.0
2026-01-04 14:20:00,0.03596,0.03601,0.03591,0.03599,45843.0
2026-01-04 14:25:00,0.036,0.036,0.03544,0.0357,1144115.0
2026-01-04 14:30:00,0.03571,0.03572,0.03556,0.03556,179522.0
2026-01-04 14:35:00,0.03559,0.03578,0.03557,0.03573,126365.0
2026-01-04 14:40:00,0.03574,0.03574,0.03558,0.03569,194053.0
2026-01-04 14:45:00,0.03572,0.03581,0.0357,0.03575,155448.0
2026-01-04 14:50:00,0.03575,0.03589,0.03575,0.03583,315543.0
2026-01-04 14:55:00,0.03583,0.03585,0.03574,0.03575,90644.0
2026-01-04 15:00:00,0.03576,0.03581,0.03559,0.03575,363141.0
2026-01-04 15:05:00,0.03576,0.03579,0.03565,0.03574,136424.0
2026-01-04 15:10:00,0.03575,0.036,0.03575,0.03598,310739.0
2026-01-04 15:15:00,0.03597,0.03599,0.03587,0.03599,96654.0
2026-01-04 15:20:00,0.03599,0.036,0.0359,0.03592,51925.0
2026-01-04 15:25:00,0.03591,0.03604,0.03591,0.03596,460019.0
2026-01-04 15:30:00,0.03597,0.03602,0.03571,0.03578,270682.0
2026-01-04 15:35:00,0.03579,0.0358,0.03548,0.03555,328470.0
2026-01-04 15:40:00,0.03555,0.03571,0.0355,0.03563,215279.0
2026-01-04 15:45:00,0.03565,0.03579,0.03556,0.03579,162386.0
2026-01-04 15:50:00,0.03579,0.03584,0.03579,0.03579,38966.0
2026-01-04 15:55:00,0.03581,0.03583,0.03569,0.03569,103665.0
2026-01-04 16:00:00,0.03569,0.03576,0.03566,0.03573,226128.0
2026-01-04 16:05:00,0.03574,0.03584,0.03568,0.03574,195785.0
2026-01-04 16:10:00,0.03574,0.03584,0.03573,0.03577,102828.0
2026-01-04 16:15:00,0.03579,0.03598,0.03579,0.03583,227286.0
2026-01-04 16:20:00,0.03586,0.03596,0.03583,0.03592,142916.0
2026-01-04 16:25:00,0.03591,0.03593,0.03576,0.03576,83342.0
2026-01-04 16:30:00,0.03577,0.03583,0.0357,0.03578,264305.0
2026-01-04 16:35:00,0.03579,0.03579,0.0357,0.03571,114667.0
2026-01-04 16:40:00,0.0357,0.03573,0.03564,0.03569,171738.0
2026-01-04 16:45:00,0.0357,0.03575,0.03566,0.03566,117174.0
2026-01-04 16:50:00,0.03566,0.03575,0.03562,0.0357,338305.0
2026-01-04 16:55:00,0.03571,0.03572,0.03553,0.03564,173490.0
2026-01-04 17:00:00,0.03563,0.03571,0.03563,0.03569,61903.0
2026-01-04 17:05:00,0.0357,0.03586,0.03568,0.03586,147071.0
2026-01-04 17:10:00,0.03585,0.03667,0.03583,0.03667,835709.0
2026-01-04 17:15:00,0.03667,0.03668,0.03619,0.03643,1084420.0
2026-01-04 17:20:00,0.03642,0.03664,0.03637,0.03638,468863.0
2026-01-04 17:25:00,0.03643,0.037,0.03643,0.03691,798282.0
2026-01-04 17:30:00,0.03692,0.03707,0.03654,0.03674,1288838.0
2026-01-04 17:35:00,0.03675,0.03682,0.03649,0.03664,324534.0
2026-01-04 17:40:00,0.03664,0.03707,0.03664,0.03692,656535.0
2026-01-04 17:45:00,0.0369,0.0369,0.03671,0.03683,314112.0
2026-01-04 17:50:00,0.03682,0.03699,0.03669,0.03672,373502.0
2026-01-04 17:55:00,0.03674,0.03674,0.03642,0.03651,593184.0
2026-01-04 18:00:00,0.03653,0.03659,0.03629,0.03656,840594.0
2026-01-04 18:05:00,0.03654,0.03696,0.03647,0.03676,371208.0
2026-01-04 18:10:00,0.03676,0.03678,0.03648,0.03653,223048.0
2026-01-04 18:15:00,0.03652,0.03683,0.03651,0.03672,481299.0
2026-01-04 18:20:00,0.03672,0.037,0.03665,0.03683,644802.0
2026-01-04 18:25:00,0.03681,0.03686,0.03672,0.03676,171000.0
2026-01-04 18:30:00,0.03677,0.03818,0.03676,0.03759,1262904.0
2026-01-04 18:35:00,0.03763,0.03779,0.03747,0.0377,1155212.0
2026-01-04 18:40:00,0.03769,0.03769,0.03727,0.03733,739746.0
2026-01-04 18:45:00,0.03733,0.03749,0.03719,0.03722,1088519.0
2026-01-04 18:50:00,0.03721,0.03722,0.03639,0.03693,1464758.0
2026-01-04 18:55:00,0.03694,0.03708,0.03691,0.03707,227578.0
2026-01-04 19:00:00,0.03707,0.03727,0.03703,0.03709,463729.0
2026-01-04 19:05:00,0.03708,0.03738,0.03696,0.03731,369224.0
2026-01-04 19:10:00,0.0373,0.0373,0.03692,0.03712,748792.0
2026-01-04 19:15:00,0.03713,0.03746,0.03687,0.03694,534616.0
2026-01-04 19:20:00,0.03694,0.03695,0.03631,0.03665,1043320.0
2026-01-04 19:25:00,0.03668,0.03682,0.03668,0.03677,182996.0
2026-01-04 19:30:00,0.03679,0.03687,0.03673,0.03684,74716.0
2026-01-04 19:35:00,0.03685,0.03699,0.03679,0.03695,449738.0
2026-01-04 19:40:00,0.03694,0.03694,0.03678,0.03685,211839.0
2026-01-04 19:45:00,0.03686,0.03686,0.03652,0.03676,446920.0
2026-01-04 19:50:00,0.03678,0.0369,0.03677,0.03681,84629.0
2026-01-04 19:55:00,0.03684,0.03704,0.0368,0.03704,586730.0
2026-01-04 20:00:00,0.03703,0.03704,0.03687,0.03691,378932.0
2026-01-04 20:05:00,0.0369,0.03699,0.03667,0.03684,542452.0
2026-01-04 20:10:00,0.03685,0.03697,0.03681,0.03686,139415.0
2026-01-04 20:15:00,0.03687,0.03694,0.03684,0.03689,97641.0
2026-01-04 20:20:00,0.03688,0.03713,0.03687,0.0371,145772.0
2026-01-04 20:25:00,0.03712,0.03727,0.03702,0.03727,181843.0
2026-01-04 20:30:00,0.03726,0.03783,0.03722,0.03783,814165.0
2026-01-04 20:35:00,0.03782,0.03916,0.0377,0.03818,4661776.0
2026-01-04 20:40:00,0.03817,0.0388,0.03796,0.03845,2086979.0
2026-01-04 20:45:00,0.03845,0.03849,0.03807,0.0382,746194.0
2026-01-04 20:50:00,0.0382,0.03862,0.03818,0.03833,1135793.0
2026-01-04 20:55:00,0.03831,0.03846,0.03822,0.03826,814059.0
2026-01-04 21:00:00,0.03827,0.03872,0.03827,0.03834,1299099.0
2026-01-04 21:05:00,0.03833,0.03838,0.03777,0.03778,1569662.0
2026-01-04 21:10:00,0.03781,0.03794,0.03779,0.03784,619232.0
2026-01-04 21:15:00,0.03782,0.03802,0.03775,0.03785,756969.0
2026-01-04 21:20:00,0.03783,0.03823,0.03783,0.03814,196951.0
2026-01-04 21:25:00,0.03815,0.0383,0.03803,0.03819,360240.0
2026-01-04 21:30:00,0.03819,0.03834,0.03812,0.03822,260451.0
2026-01-04 21:35:00,0.03822,0.03823,0.03799,0.0381,285908.0
2026-01-04 21:40:00,0.03809,0.03823,0.03794,0.03797,503709.0
2026-01-04 21:45:00,0.03799,0.03811,0.03783,0.03784,185858.0
2026-01-04 21:50:00,0.03784,0.03787,0.0375,0.0377,744217.0
2026-01-04 21:55:00,0.0377,0.03791,0.0377,0.03784,124505.0
2026-01-04 22:00:00,0.03783,0.0379,0.03737,0.03743,754405.0
2026-01-04 22:05:00,0.03742,0.03742,0.03727,0.03731,249433.0
2026-01-04 22:10:00,0.03731,0.03735,0.03708,0.03711,357118.0
2026-01-04 22:15:00,0.03709,0.03713,0.03683,0.03702,572890.0
2026-01-04 22:20:00,0.03705,0.03705,0.03687,0.03691,209897.0
2026-01-04 22:25:00,0.03691,0.03696,0.03675,0.03681,316602.0
2026-01-04 22:30:00,0.03679,0.03696,0.03647,0.03669,883265.0
2026-01-04 22:35:00,0.03668,0.03668,0.03646,0.0365,402229.0
2026-01-04 22:40:00,0.03651,0.03662,0.03645,0.03662,454144.0
2026-01-04 22:45:00,0.03663,0.03677,0.03645,0.03658,312258.0
2026-01-04 22:50:00,0.03661,0.03665,0.03646,0.03648,425813.0
2026-01-04 22:55:00,0.03648,0.03654,0.03642,0.0365,318057.0
2026-01-04 23:00:00,0.03646,0.0365,0.03629,0.03639,539521.0
2026-01-04 23:05:00,0.03639,0.0364,0.03617,0.03627,450653.0
2026-01-04 23:10:00,0.03627,0.03659,0.03625,0.0364,511371.0
2026-01-04 23:15:00,0.0364,0.0364,0.03624,0.03628,270941.0
2026-01-04 23:20:00,0.03626,0.03627,0.03615,0.03616,347544.0
2026-01-04 23:25:00,0.03617,0.03623,0.03609,0.03611,161264.0
2026-01-04 23:30:00,0.03611,0.03613,0.0358,0.03602,1009242.0
2026-01-04 23:35:00,0.03604,0.03604,0.03581,0.03584,639177.0
2026-01-04 23:40:00,0.03585,0.03593,0.03577,0.03586,486983.0
2026-01-04 23:45:00,0.03586,0.03607,0.03586,0.03597,432827.0
2026-01-04 23:50:00,0.03596,0.03605,0.03592,0.036,403609.0
2026-01-04 23:55:00,0.03597,0.03599,0.03588,0.03595,308125.0
2026-01-05 00:00:00,0.03594,0.03637,0.03593,0.03627,1057658.0
2026-01-05 00:05:00,0.03626,0.03627,0.03613,0.03623,271390.0
2026-01-05 00:10:00,0.03623,0.0363,0.03612,0.03623,356441.0
2026-01-05 00:15:00,0.03622,0.03624,0.03615,0.03615,276021.0
2026-01-05 00:20:00,0.03614,0.03615,0.03603,0.0361,237517.0
2026-01-05 00:25:00,0.03612,0.03614,0.03585,0.0359,788567.0
2026-01-05 00:30:00,0.03592,0.03592,0.03576,0.03582,278775.0
2026-01-05 00:35:00,0.03583,0.03589,0.03581,0.03582,145863.0
2026-01-05 00:40:00,0.03585,0.03587,0.03579,0.03584,138267.0
2026-01-05 00:45:00,0.03585,0.03609,0.03585,0.03604,221305.0
2026-01-05 00:50:00,0.03604,0.03638,0.03583,0.03624,1185576.0
2026-01-05 00:55:00,0.03622,0.03627,0.03615,0.03615,214473.0
2026-01-05 01:00:00,0.03615,0.03618,0.03595,0.03605,584390.0
2026-01-05 01:05:00,0.03606,0.0362,0.03597,0.0361,261436.0
2026-01-05 01:10:00,0.03605,0.03615,0.036,0.03612,160231.0
2026-01-05 01:15:00,0.03612,0.03619,0.03577,0.03586,724369.0
2026-01-05 01:20:00,0.03584,0.03599,0.03579,0.03599,301125.0
2026-01-05 01:25:00,0.03597,0.03617,0.03595,0.03616,530169.0
2026-01-05 01:30:00,0.03615,0.03617,0.03608,0.0361,161989.0
2026-01-05 01:35:00,0.0361,0.03638,0.03603,0.03629,612776.0
2026-01-05 01:40:00,0.03628,0.03641,0.03625,0.03636,327374.0
2026-01-05 01:45:00,0.03637,0.03649,0.03632,0.03643,329147.0
2026-01-05 01:50:00,0.03644,0.03673,0.03641,0.03672,569059.0
2026-01-05 01:55:00,0.03672,0.03687,0.03651,0.03687,340541.0
2026-01-05 02:00:00,0.03687,0.03691,0.03669,0.0368,478136.0
2026-01-05 02:05:00,0.03679,0.03685,0.03662,0.03673,332744.0
2026-01-05 02:10:00,0.03674,0.03701,0.03674,0.03689,572478.0
2026-01-05 02:15:00,0.03687,0.03692,0.03661,0.03684,378572.0
2026-01-05 02:20:00,0.03683,0.03697,0.03677,0.03686,291902.0
2026-01-05 02:25:00,0.03685,0.03686,0.03657,0.03672,484457.0
2026-01-05 02:30:00,0.03673,0.03684,0.03666,0.03681,294795.0
2026-01-05 02:35:00,0.0368,0.0368,0.03658,0.03658,178874.0
2026-01-05 02:40:00,0.03657,0.03657,0.03634,0.03641,231893.0
2026-01-05 02:45:00,0.03643,0.03658,0.03624,0.03652,399322.0
2026-01-05 02:50:00,0.03653,0.0366,0.03642,0.03658,167674.0
2026-01-05 02:55:00,0.03659,0.03673,0.03656,0.03667,216583.0
2026-01-05 03:00:00,0.03667,0.03671,0.0365,0.03667,340399.0
2026-01-05 03:05:00,0.03666,0.03672,0.03662,0.03666,105401.0
2026-01-05 03:10:00,0.03665,0.03665,0.03637,0.03647,570612.0
2026-01-05 03:15:00,0.03647,0.0367,0.0364,0.0367,194141.0
2026-01-05 03:20:00,0.03669,0.03671,0.0366,0.03663,141287.0
2026-01-05 03:25:00,0.03662,0.03689,0.0366,0.03675,315694.0
2026-01-05 03:30:00,0.03675,0.03675,0.03635,0.03657,739782.0
2026-01-05 03:35:00,0.03656,0.03667,0.03652,0.03665,85107.0
2026-01-05 03:40:00,0.03665,0.03665,0.036,0.03621,1648133.0
2026-01-05 03:45:00,0.03621,0.03638,0.036,0.03636,333491.0
2026-01-05 03:50:00,0.03636,0.03667,0.03634,0.03659,412531.0
2026-01-05 03:55:00,0.03658,0.03658,0.03638,0.03649,159739.0
2026-01-05 04:00:00,0.03649,0.03649,0.03626,0.03635,419428.0
2026-01-05 04:05:00,0.03634,0.03636,0.03615,0.03625,236650.0
2026-01-05 04:10:00,0.03626,0.0363,0.03601,0.03607,330222.0
2026-01-05 04:15:00,0.03607,0.03628,0.03607,0.03615,278818.0
2026-01-05 04:20:00,0.03614,0.03619,0.03593,0.03595,284813.0
2026-01-05 04:25:00,0.03593,0.03593,0.0355,0.03562,1273399.0
2026-01-05 04:30:00,0.03561,0.036,0.03553,0.03577,1397316.0
2026-01-05 04:35:00,0.03578,0.03589,0.03575,0.03585,299363.0
2026-01-05 04:40:00,0.03584,0.03615,0.03578,0.03608,595396.0
2026-01-05 04:45:00,0.03605,0.03605,0.03582,0.03591,579506.0
2026-01-05 04:50:00,0.0359,0.03605,0.03582,0.03597,708406.0
2026-01-05 04:55:00,0.03596,0.03605,0.03587,0.03591,239943.0
2026-01-05 05:00:00,0.0359,0.03595,0.03581,0.03589,234147.0
2026-01-05 05:05:00,0.0359,0.03594,0.03582,0.03585,143865.0
2026-01-05 05:10:00,0.03584,0.03589,0.03579,0.03589,235048.0
2026-01-05 05:15:00,0.03591,0.03615,0.03587,0.03593,362249.0
2026-01-05 05:20:00,0.03594,0.03622,0.03594,0.03618,375625.0
2026-01-05 05:25:00,0.03619,0.03625,0.036,0.03606,295815.0
2026-01-05 05:30:00,0.03608,0.03628,0.03601,0.03622,522817.0
2026-01-05 05:35:00,0.03622,0.03642,0.03609,0.03626,503888.0
2026-01-05 05:40:00,0.03626,0.03648,0.03625,0.03641,242326.0
2026-01-05 05:45:00,0.0364,0.03656,0.03639,0.03655,224721.0
2026-01-05 05:50:00,0.03655,0.03658,0.03645,0.0365,224866.0
2026-01-05 05:55:00,0.0365,0.03663,0.03648,0.03654,350587.0
2026-01-05 06:00:00,0.03654,0.0367,0.03654,0.03664,265774.0
2026-01-05 06:05:00,0.03664,0.03669,0.03659,0.03665,156127.0
2026-01-05 06:10:00,0.03666,0.03686,0.03661,0.03673,545162.0
2026-01-05 06:15:00,0.03674,0.03691,0.03663,0.03673,312179.0
2026-01-05 06:20:00,0.03671,0.03702,0.03669,0.03699,493545.0
2026-01-05 06:25:00,0.03699,0.03703,0.03683,0.03698,448612.0
2026-01-05 06:30:00,0.03695,0.03695,0.03657,0.03659,630374.0
2026-01-05 06:35:00,0.03661,0.03663,0.03611,0.03626,1012742.0
2026-01-05 06:40:00,0.03625,0.03632,0.03598,0.03599,420932.0
2026-01-05 06:45:00,0.03605,0.03616,0.03596,0.03614,276466.0
2026-01-05 06:50:00,0.03613,0.03623,0.03603,0.03621,239718.0
2026-01-05 06:55:00,0.03619,0.03624,0.03612,0.03616,156230.0
2026-01-05 07:00:00,0.03617,0.03617,0.03579,0.03586,762899.0
2026-01-05 07:05:00,0.03587,0.03603,0.03583,0.03591,532853.0
2026-01-05 07:10:00,0.03594,0.03598,0.03575,0.0358,352233.0
2026-01-05 07:15:00,0.0358,0.03597,0.03574,0.03595,694632.0
2026-01-05 07:20:00,0.03595,0.03604,0.03587,0.03596,216056.0
2026-01-05 07:25:00,0.03597,0.03605,0.03587,0.03605,301176.0
2026-01-05 07:30:00,0.03602,0.03622,0.036,0.03606,623250.0
2026-01-05 07:35:00,0.03607,0.03644,0.03605,0.03643,226953.0
2026-01-05 07:40:00,0.03643,0.03644,0.03627,0.03632,142919.0
2026-01-05 07:45:00,0.03633,0.03637,0.03607,0.03618,262836.0
2026-01-05 07:50:00,0.03618,0.03621,0.03612,0.03618,117180.0
2026-01-05 07:55:00,0.03617,0.03624,0.03613,0.03619,140244.0
2026-01-05 08:00:00,0.03619,0.03628,0.03615,0.03624,136719.0
2026-01-05 08:05:00,0.03623,0.03635,0.03619,0.03626,225278.0
2026-01-05 08:10:00,0.03627,0.03641,0.03624,0.03635,322403.0
2026-01-05 08:15:00,0.03635,0.03656,0.03634,0.03653,405193.0
2026-01-05 08:20:00,0.03655,0.03689,0.03655,0.03671,1132622.0
2026-01-05 08:25:00,0.03671,0.03695,0.03671,0.03683,470639.0
2026-01-05 08:30:00,0.03683,0.03702,0.03675,0.03682,727573.0
2026-01-05 08:35:00,0.03678,0.03695,0.03645,0.03658,1286601.0
2026-01-05 08:40:00,0.03657,0.0367,0.03631,0.03651,899898.0
2026-01-05 08:45:00,0.03653,0.03682,0.03648,0.0367,377567.0
2026-01-05 08:50:00,0.03669,0.03681,0.03666,0.03676,419443.0
2026-01-05 08:55:00,0.03675,0.03675,0.03653,0.03672,687879.0
2026-01-05 09:00:00,0.03672,0.03683,0.0365,0.03655,1235033.0
2026-01-05 09:05:00,0.03654,0.03664,0.03622,0.03634,905238.0
2026-01-05 09:10:00,0.03634,0.03669,0.03631,0.03657,1443636.0
2026-01-05 09:15:00,0.03657,0.03674,0.03655,0.03664,564386.0
2026-01-05 09:20:00,0.03664,0.03664,0.0364,0.0366,609468.0
2026-01-05 09:25:00,0.0366,0.03667,0.03647,0.03648,96065.0
2026-01-05 09:30:00,0.03648,0.03651,0.0363,0.03634,348301.0
2026-01-05 09:35:00,0.03633,0.03638,0.03627,0.03632,383648.0
2026-01-05 09:40:00,0.03633,0.03635,0.03625,0.03627,118756.0
2026-01-05 09:45:00,0.03627,0.03633,0.03619,0.03619,109443.0
2026-01-05 09:50:00,0.03618,0.03627,0.03611,0.03626,211380.0
2026-01-05 09:55:00,0.03624,0.0363,0.03617,0.03625,193025.0
2026-01-05 10:00:00,0.03624,0.03636,0.03613,0.03618,374082.0
2026-01-05 10:05:00,0.03619,0.03631,0.03619,0.03628,103971.0
2026-01-05 10:10:00,0.03629,0.0363,0.03624,0.03626,101588.0
2026-01-05 10:15:00,0.03624,0.03629,0.03621,0.03621,193878.0
2026-01-05 10:20:00,0.03624,0.03639,0.03624,0.03635,123737.0
2026-01-05 10:25:00,0.03635,0.03666,0.03633,0.03651,665605.0
2026-01-05 10:30:00,0.03649,0.03675,0.03644,0.03662,397568.0
2026-01-05 10:35:00,0.03664,0.03669,0.03637,0.03649,281343.0
2026-01-05 10:40:00,0.03648,0.03648,0.03627,0.03637,306485.0
2026-01-05 10:45:00,0.03638,0.03659,0.03638,0.03655,169249.0
2026-01-05 10:50:00,0.03657,0.03659,0.03634,0.03643,647431.0
2026-01-05 10:55:00,0.03643,0.03644,0.03622,0.03625,70619.0
2026-01-05 11:00:00,0.03625,0.03645,0.03617,0.0363,231553.0
2026-01-05 11:05:00,0.03628,0.03634,0.03624,0.03633,117270.0
2026-01-05 11:10:00,0.03633,0.03634,0.03624,0.03624,101012.0
2026-01-05 11:15:00,0.03625,0.03633,0.03623,0.03627,74037.0
2026-01-05 11:20:00,0.03628,0.03662,0.03628,0.03652,196241.0
2026-01-05 11:25:00,0.03652,0.03662,0.03632,0.03636,303298.0
2026-01-05 11:30:00,0.03636,0.0364,0.0363,0.03639,104835.0
2026-01-05 11:35:00,0.03638,0.03643,0.03628,0.03632,111523.0
2026-01-05 11:40:00,0.0363,0.03638,0.03616,0.03624,350825.0
2026-01-05 11:45:00,0.03624,0.03626,0.03618,0.03618,78709.0
2026-01-05 11:50:00,0.03619,0.03644,0.03617,0.03638,268124.0
2026-01-05 11:55:00,0.03638,0.03642,0.03628,0.03629,78925.0
2026-01-05 12:00:00,0.03629,0.03637,0.03626,0.03632,152499.0
2026-01-05 12:05:00,0.03632,0.03645,0.03629,0.03631,477435.0
2026-01-05 12:10:00,0.03631,0.03631,0.03623,0.03628,118840.0
2026-01-05 12:15:00,0.03628,0.03628,0.03602,0.03612,470394.0
2026-01-05 12:20:00,0.03612,0.03622,0.03574,0.03584,878231.0
2026-01-05 12:25:00,0.03584,0.03601,0.03571,0.03591,651774.0
2026-01-05 12:30:00,0.03593,0.03597,0.03579,0.03582,609888.0
2026-01-05 12:35:00,0.03579,0.03585,0.03575,0.03584,209524.0
2026-01-05 12:40:00,0.03585,0.03592,0.03576,0.03589,216657.0
2026-01-05 12:45:00,0.03591,0.03595,0.03587,0.03591,142954.0
2026-01-05 12:50:00,0.03592,0.03593,0.03581,0.03581,194865.0
2026-01-05 12:55:00,0.03583,0.03617,0.03577,0.03609,613096.0
2026-01-05 13:00:00,0.0361,0.0361,0.03586,0.03598,435232.0
2026-01-05 13:05:00,0.03597,0.0361,0.03588,0.03598,467343.0
2026-01-05 13:10:00,0.03599,0.03602,0.03592,0.03592,95242.0
2026-01-05 13:15:00,0.03592,0.03595,0.03579,0.0358,539102.0
2026-01-05 13:20:00,0.0358,0.0358,0.03561,0.03576,528378.0
2026-01-05 13:25:00,0.03577,0.0358,0.03566,0.03575,341405.0
2026-01-05 13:30:00,0.03575,0.03593,0.03572,0.03589,301720.0
2026-01-05 13:35:00,0.0359,0.03624,0.03585,0.03616,370672.0
2026-01-05 13:40:00,0.03615,0.03615,0.03602,0.03608,238883.0
2026-01-05 13:45:00,0.03608,0.03611,0.03597,0.03597,174497.0
2026-01-05 13:50:00,0.03596,0.03601,0.03594,0.03597,75651.0
2026-01-05 13:55:00,0.03597,0.03611,0.03597,0.0361,103206.0
2026-01-05 14:00:00,0.0361,0.0362,0.03608,0.03618,381477.0
2026-01-05 14:05:00,0.03618,0.03656,0.03618,0.03636,1067167.0
2026-01-05 14:10:00,0.03637,0.03676,0.0363,0.03635,969001.0
2026-01-05 14:15:00,0.03634,0.0364,0.03622,0.03637,224914.0
2026-01-05 14:20:00,0.03636,0.03639,0.03616,0.03628,270159.0
2026-01-05 14:25:00,0.03627,0.03634,0.03624,0.03634,110252.0
2026-01-05 14:30:00,0.03631,0.03656,0.03631,0.0365,299606.0
2026-01-05 14:35:00,0.0365,0.0365,0.03618,0.03636,499283.0
2026-01-05 14:40:00,0.03637,0.03639,0.03623,0.03625,266214.0
2026-01-05 14:45:00,0.03625,0.03628,0.03586,0.03606,1198126.0
2026-01-05 14:50:00,0.03607,0.03637,0.03596,0.03617,785001.0
2026-01-05 14:55:00,0.03615,0.03625,0.03602,0.03607,397254.0
2026-01-05 15:00:00,0.03607,0.03614,0.03591,0.03595,284805.0
2026-01-05 15:05:00,0.03596,0.03606,0.03564,0.03571,1032621.0
2026-01-05 15:10:00,0.03572,0.03585,0.03564,0.03575,561555.0
2026-01-05 15:15:00,0.03576,0.03596,0.03576,0.03589,175259.0
2026-01-05 15:20:00,0.0359,0.03591,0.03579,0.03586,177151.0
2026-01-05 15:25:00,0.03587,0.03616,0.03587,0.03612,458178.0
2026-01-05 15:30:00,0.03612,0.0363,0.03612,0.03617,290946.0
2026-01-05 15:35:00,0.03618,0.03625,0.03604,0.03604,252209.0
2026-01-05 15:40:00,0.03605,0.03617,0.03602,0.03607,157390.0
2026-01-05 15:45:00,0.03607,0.03624,0.03591,0.03616,623975.0
2026-01-05 15:50:00,0.03616,0.03617,0.03594,0.03606,424692.0
2026-01-05 15:55:00,0.03607,0.03617,0.03606,0.03614,112622.0
2026-01-05 16:00:00,0.03615,0.03634,0.03608,0.0363,322496.0
2026-01-05 16:05:00,0.03631,0.03635,0.03609,0.03619,277313.0
2026-01-05 16:10:00,0.03619,0.03619,0.03589,0.03606,368971.0
2026-01-05 16:15:00,0.03606,0.03612,0.03605,0.0361,81320.0
2026-01-05 16:20:00,0.0361,0.03616,0.03599,0.03616,149620.0
2026-01-05 16:25:00,0.03616,0.03626,0.03615,0.03622,169153.0
2026-01-05 16:30:00,0.03622,0.03682,0.03622,0.03682,1028482.0
2026-01-05 16:35:00,0.03682,0.03686,0.03634,0.03676,1890814.0
2026-01-05 16:40:00,0.0368,0.03691,0.03633,0.0364,1021856.0
2026-01-05 16:45:00,0.03641,0.03675,0.03632,0.03675,235451.0
2026-01-05 16:50:00,0.03676,0.03701,0.03672,0.03695,742789.0
2026-01-05 16:55:00,0.03696,0.037,0.03673,0.0368,508014.0
2026-01-05 17:00:00,0.03679,0.03722,0.03659,0.0372,1102688.0
